candidato,criterio_match,id,marca,modelo_consulta,motivo,nivel_match,passou
UNO MILLE FIRE ECONOMY 2 PORTAS,versoes_equivalentes,2012 | FIAT | UNO | MILLE FIRE ECONOMY 2 PORTAS | 1 0 8V | M-5 | FLEX,FIAT,Uno Mille Fire Economy 2 Portas 1.0-8V M-5,"marca compatível; ano PBEV igual ao ano-modelo FIPE; família comercial textual compatível: ECONOMY, MILLE, UNO; designação comercial exata; modelo/família compatível; combustível flex compatível; versão/acabamento compatível; motor compatível; transmissão compatível; candidatos próximos têm o mesmo consumo aplicável; ambiguidade não bloqueia",alto,True
UNO MILLE FIRE ECONOMY 2 PORTAS,versoes_equivalentes,2012 | FIAT | UNO | MILLE FIRE ECONOMY 4 PORTAS | 1 0 8V | M-5 | FLEX,FIAT,Uno Mille Fire Economy 4 Portas 1.0-8V M-5,"marca compatível; ano PBEV igual ao ano-modelo FIPE; família comercial textual compatível: ECONOMY, MILLE, UNO; designação comercial exata; modelo/família compatível; combustível flex compatível; versão/acabamento compatível; motor compatível; transmissão compatível; candidatos próximos têm o mesmo consumo aplicável; ambiguidade não bloqueia",alto,True
UNO MILLE WAY ECONOMY 2 PORTAS,versoes_equivalentes,2012 | FIAT | UNO | MILLE WAY ECONOMY 2 PORTAS | 1 0 8V | M-5 | FLEX,FIAT,Uno Mille Way Economy 2 Portas 1.0-8V M-5,"marca compatível; ano PBEV igual ao ano-modelo FIPE; família comercial textual compatível: ECONOMY, MILLE, UNO, WAY; designação comercial exata; modelo/família compatível; combustível flex compatível; motor compatível; transmissão compatível; candidatos próximos têm o mesmo consumo aplicável; ambiguidade não bloqueia",alto,True
UNO MILLE WAY ECONOMY 2 PORTAS,versoes_equivalentes,2012 | FIAT | UNO | MILLE WAY ECONOMY 4 PORTAS | 1 0 8V | M-5 | FLEX,FIAT,Uno Mille Way Economy 4 Portas 1.0-8V M-5,"marca compatível; ano PBEV igual ao ano-modelo FIPE; família comercial textual compatível: ECONOMY, MILLE, UNO, WAY; designação comercial exata; modelo/família compatível; combustível flex compatível; motor compatível; transmissão compatível; candidatos próximos têm o mesmo consumo aplicável; ambiguidade não bloqueia",alto,True
NOVO UNO ECONOMY EVO 2 PORTAS,versoes_equivalentes,2012 | FIAT | NOVO UNO | ECONOMY EVO 2 PORTAS | 1 4 8V | M-5 | FLEX,FIAT,Novo Uno Economy Evo 2 portas 1.4-8V M-5,"marca compatível; ano PBEV igual ao ano-modelo FIPE; família comercial textual compatível: ECONOMY, UNO; designação comercial exata; modelo/família compatível; combustível flex compatível; versão/acabamento compatível; motor compatível; transmissão compatível; candidatos próximos têm o mesmo consumo aplicável; ambiguidade não bloqueia",alto,True
NOVO UNO ECONOMY EVO 2 PORTAS,versoes_equivalentes,2012 | FIAT | NOVO UNO | ECONOMY EVO 4 PORTAS | 1 4 8V | M-5 | FLEX,FIAT,Novo Uno Economy Evo 4 portas 1.4-8V M-5,"marca compatível; ano PBEV igual ao ano-modelo FIPE; família comercial textual compatível: ECONOMY, UNO; designação comercial exata; modelo/família compatível; combustível flex compatível; versão/acabamento compatível; motor compatível; transmissão compatível; candidatos próximos têm o mesmo consumo aplicável; ambiguidade não bloqueia",alto,True
NOVO UNO VIVACE EVO 2 PORTAS,versoes_equivalentes,2012 | FIAT | NOVO UNO | VIVACE EVO 2 PORTAS | 1 0 8V | M-5 | FLEX,FIAT,Novo Uno Vivace Evo 2 portas 1.0-8V M-5,"marca compatível; ano PBEV igual ao ano-modelo FIPE; família comercial textual compatível: UNO, VIVACE; designação comercial exata; modelo/família compatível; combustível flex compatível; versão/acabamento compatível; motor compatível; transmissão compatível; candidatos próximos têm o mesmo consumo aplicável; ambiguidade não bloqueia",alto,True
NOVO UNO VIVACE EVO 2 PORTAS,versoes_equivalentes,2012 | FIAT | NOVO UNO | VIVACE EVO 4 PORTAS | 1 0 8V | M-5 | FLEX,FIAT,Novo Uno Vivace Evo 4 portas 1.0-8V M-5,"marca compatível; ano PBEV igual ao ano-modelo FIPE; família comercial textual compatível: UNO, VIVACE; designação comercial exata; modelo/família compatível; combustível flex compatível; versão/acabamento compatível; motor compatível; transmissão compatível; candidatos próximos têm o mesmo consumo aplicável; ambiguidade não bloqueia",alto,True
NOVO UNO ATTRACTIVE EVO 2 PORTAS,versoes_equivalentes,2012 | FIAT | NOVO UNO | ATTRACTIVE EVO 2 PORTAS | 1 4 8V | M-5 | FLEX,FIAT,Novo Uno Attractive Evo 2 portas 1.4-8V M-5,"marca compatível; ano PBEV igual ao ano-modelo FIPE; família comercial textual compatível: ATTRACTIVE, UNO; designação comercial exata; modelo/família compatível; combustível flex compatível; versão/acabamento compatível; motor compatível; transmissão compatível; candidatos próximos têm o mesmo consumo aplicável; ambiguidade não bloqueia",alto,True
NOVO UNO ATTRACTIVE EVO 2 PORTAS,versoes_equivalentes,2012 | FIAT | NOVO UNO | ATTRACTIVE EVO 4 PORTAS | 1 4 8V | M-5 | FLEX,FIAT,Novo Uno Attractive Evo 4 portas 1.4-8V M-5,"marca compatível; ano PBEV igual ao ano-modelo FIPE; família comercial textual compatível: ATTRACTIVE, UNO; designação comercial exata; modelo/família compatível; combustível flex compatível; versão/acabamento compatível; motor compatível; transmissão compatível; candidatos próximos têm o mesmo consumo aplicável; ambiguidade não bloqueia",alto,True
PALIO FIRE ECONOMY 2 PORTAS,versoes_equivalentes,2012 | FIAT | PALIO | FIRE ECONOMY 2 PORTAS | 1 0 8V | M-5 | FLEX,FIAT,Palio Fire Economy 2 Portas 1.0-8V M-5,"marca compatível; ano PBEV igual ao ano-modelo FIPE; família comercial textual compatível: ECONOMY, PALIO; designação comercial exata; modelo/família compatível; combustível flex compatível; versão/acabamento compatível; motor compatível; transmissão compatível; candidatos próximos têm o mesmo consumo aplicável; ambiguidade não bloqueia",alto,True
PALIO FIRE ECONOMY 2 PORTAS,versoes_equivalentes,2012 | FIAT | PALIO | FIRE ECONOMY 4 PORTAS | 1 0 8V | M-5 | FLEX,FIAT,Palio Fire Economy 4 Portas 1.0-8V M-5,"marca compatível; ano PBEV igual ao ano-modelo FIPE; família comercial textual compatível: ECONOMY, PALIO; designação comercial exata; modelo/família compatível; combustível flex compatível; versão/acabamento compatível; motor compatível; transmissão compatível; candidatos próximos têm o mesmo consumo aplicável; ambiguidade não bloqueia",alto,True
500 CULT,exato,2012 | FIAT | 500 | CULT | 1 4 8V | M-5 | FLEX,FIAT,500 Cult 1.4-8V M-5,marca compatível; ano PBEV igual ao ano-modelo FIPE; token forte de modelo compatível: 500; designação comercial exata; número/modelo compatível; modelo/família compatível; combustível flex compatível; versão/acabamento compatível; motor compatível; transmissão compatível,alto,True
500 CULT DUALOGIC,exato,2012 | FIAT | 500 | CULT DUALOGIC | 1 4 8V | MTA-5 | FLEX,FIAT,500 Cult Dualogic 1.4-8V MTA-5,marca compatível; ano PBEV igual ao ano-modelo FIPE; token forte de modelo compatível: 500; designação comercial exata; número/modelo compatível; modelo/família compatível; combustível flex compatível; versão/acabamento compatível; motor compatível; transmissão compatível,alto,True
KA BASE,exato,2012 | FORD | KA | BASE | 1 0 8V | M-5 | FLEX,FORD,Ka Base 1.0-8V M-5,marca compatível; ano PBEV igual ao ano-modelo FIPE; designação comercial exata; modelo/família compatível; combustível flex compatível; versão/acabamento compatível; motor compatível; transmissão compatível,alto,True
KA PULSE,exato,2012 | FORD | KA | PULSE | 1 0 8V | M-5 | FLEX,FORD,Ka Pulse 1.0-8V M-5,marca compatível; ano PBEV igual ao ano-modelo FIPE; designação comercial exata; modelo/família compatível; combustível flex compatível; versão/acabamento compatível; motor compatível; transmissão compatível,alto,True
KA CLASS,exato,2012 | FORD | KA | CLASS | 1 0 8V | M-5 | FLEX,FORD,Ka Class 1.0-8V M-5,marca compatível; ano PBEV igual ao ano-modelo FIPE; designação comercial exata; modelo/família compatível; combustível flex compatível; versão/acabamento compatível; motor compatível; transmissão compatível,alto,True
PICANTO EX4,exato,2012 | KIA | PICANTO | EX4 | 1 0 12V | M-5 | FLEX,KIA,Picanto EX4 1.0-12V M-5,marca compatível; ano PBEV igual ao ano-modelo FIPE; token forte de modelo compatível: EX4; designação comercial exata; modelo/família compatível; combustível flex compatível; motor compatível; transmissão compatível,alto,True
PICANTO LX4,exato,2012 | KIA | PICANTO | LX4 | 1 0 12V | M-5 | FLEX,KIA,Picanto LX4 1.0-12V M-5,marca compatível; ano PBEV igual ao ano-modelo FIPE; token forte de modelo compatível: LX4; designação comercial exata; modelo/família compatível; combustível flex compatível; motor compatível; transmissão compatível,alto,True
PICANTO EX4,exato,2012 | KIA | PICANTO | EX4 | 1 0 12V | A-4 | FLEX,KIA,Picanto EX4 1.0-12V A-4,marca compatível; ano PBEV igual ao ano-modelo FIPE; token forte de modelo compatível: EX4; designação comercial exata; modelo/família compatível; combustível flex compatível; motor compatível; transmissão compatível,alto,True
PICANTO LX4,exato,2012 | KIA | PICANTO | LX4 | 1 0 12V | A-4 | FLEX,KIA,Picanto LX4 1.0-12V A-4,marca compatível; ano PBEV igual ao ano-modelo FIPE; token forte de modelo compatível: LX4; designação comercial exata; modelo/família compatível; combustível flex compatível; motor compatível; transmissão compatível,alto,True
CLIO CAMPUS 3 PORTAS,versoes_equivalentes,2012 | RENAULT | CLIO | CAMPUS 3 PORTAS | 1 0 16V | M-5 | FLEX,RENAULT,Clio Campus 3 Portas 1.0-16V M-5,"marca compatível; ano PBEV igual ao ano-modelo FIPE; família comercial textual compatível: CAMPUS, CLIO; designação comercial exata; modelo/família compatível; combustível flex compatível; motor compatível; transmissão compatível; candidatos próximos têm o mesmo consumo aplicável; ambiguidade não bloqueia",alto,True
CLIO CAMPUS 3 PORTAS,versoes_equivalentes,2012 | RENAULT | CLIO | CAMPUS 5 PORTAS | 1 0 16V | M-5 | FLEX,RENAULT,Clio Campus 5 Portas 1.0-16V M-5,"marca compatível; ano PBEV igual ao ano-modelo FIPE; família comercial textual compatível: CAMPUS, CLIO; designação comercial exata; modelo/família compatível; combustível flex compatível; motor compatível; transmissão compatível; candidatos próximos têm o mesmo consumo aplicável; ambiguidade não bloqueia",alto,True
C3 ORIGINE,exato,2012 | CITROEN | C3 | ORIGINE | 1 5 8V | M-5 | FLEX,CITROEN,C3 Origine 1.5-8V M-5,marca compatível; ano PBEV igual ao ano-modelo FIPE; token forte de modelo compatível: C3; designação comercial exata; modelo/família compatível; combustível flex compatível; motor compatível; transmissão compatível,alto,True
C3 TENDANCE,exato,2012 | CITROEN | C3 | TENDANCE | 1 5 8V | M-5 | FLEX,CITROEN,C3 Tendance 1.5-8V M-5,marca compatível; ano PBEV igual ao ano-modelo FIPE; token forte de modelo compatível: C3; designação comercial exata; modelo/família compatível; combustível flex compatível; motor compatível; transmissão compatível,alto,True
DS3 THP SPORT CHIC,exato,2012 | CITROEN | DS3 | THP SPORT CHIC | 1 6 16V | M-6 | GASOLINA,CITROEN,DS3 THP Sport Chic 1.6-16V M-6,marca compatível; ano PBEV igual ao ano-modelo FIPE; token forte de modelo compatível: DS3; designação comercial exata; modelo/família compatível; combustível gasolina compatível; versão/acabamento compatível; motor compatível; transmissão compatível,alto,True
SIENA FIRE,exato,2012 | FIAT | SIENA | FIRE | 1 0 8V | M-5 | FLEX,FIAT,Siena Fire 1.0-8V M-5,marca compatível; ano PBEV igual ao ano-modelo FIPE; família comercial textual compatível: SIENA; designação comercial exata; modelo/família compatível; combustível flex compatível; versão/acabamento compatível; motor compatível; transmissão compatível,alto,True
SIENA EL,exato,2012 | FIAT | SIENA | EL | 1 0 8V | M-5 | FLEX,FIAT,Siena EL 1.0-8V M-5,marca compatível; ano PBEV igual ao ano-modelo FIPE; família comercial textual compatível: SIENA; designação comercial exata; modelo/família compatível; combustível flex compatível; versão/acabamento compatível; motor compatível; transmissão compatível,alto,True
SIENA EL,exato,2012 | FIAT | SIENA | EL | 1 4 8V | M-5 | FLEX,FIAT,Siena EL 1.4-8V M-5,marca compatível; ano PBEV igual ao ano-modelo FIPE; família comercial textual compatível: SIENA; designação comercial exata; modelo/família compatível; combustível flex compatível; versão/acabamento compatível; motor compatível; transmissão compatível,alto,True
NOVO PALIO ATTRACTIVE,exato,2012 | FIAT | NOVO PALIO | ATTRACTIVE | 1 0 8V | M-5 | FLEX,FIAT,Novo Palio Attractive 1.0-8V M-5,"marca compatível; ano PBEV igual ao ano-modelo FIPE; família comercial textual compatível: ATTRACTIVE, PALIO; designação comercial exata; modelo/família compatível; combustível flex compatível; motor compatível; transmissão compatível",alto,True
NOVO PALIO ATTRACTIVE,exato,2012 | FIAT | NOVO PALIO | ATTRACTIVE | 1 4 8V | M-5 | FLEX,FIAT,Novo Palio Attractive 1.4-8V M-5,"marca compatível; ano PBEV igual ao ano-modelo FIPE; família comercial textual compatível: ATTRACTIVE, PALIO; designação comercial exata; modelo/família compatível; combustível flex compatível; motor compatível; transmissão compatível",alto,True
FIT DX,exato,2012 | HONDA | FIT | DX | 1 4 16V | M-5 | FLEX,HONDA,Fit DX 1.4-16V M-5,marca compatível; ano PBEV igual ao ano-modelo FIPE; família comercial textual compatível: FIT; designação comercial exata; modelo/família compatível; combustível flex compatível; versão/acabamento compatível; motor compatível; transmissão compatível,alto,True
FIT LX,exato,2012 | HONDA | FIT | LX | 1 4 16V | M-5 | FLEX,HONDA,Fit LX 1.4-16V M-5,marca compatível; ano PBEV igual ao ano-modelo FIPE; família comercial textual compatível: FIT; designação comercial exata; modelo/família compatível; combustível flex compatível; versão/acabamento compatível; motor compatível; transmissão compatível,alto,True
FIT LXL,exato,2012 | HONDA | FIT | LXL | 1 4 16V | M-5 | FLEX,HONDA,Fit LXL 1.4-16V M-5,marca compatível; ano PBEV igual ao ano-modelo FIPE; família comercial textual compatível: FIT; designação comercial exata; modelo/família compatível; combustível flex compatível; versão/acabamento compatível; motor compatível; transmissão compatível,alto,True
FIT DX,exato,2012 | HONDA | FIT | DX | 1 4 16V | A-5 | FLEX,HONDA,Fit DX 1.4-16V A-5,marca compatível; ano PBEV igual ao ano-modelo FIPE; família comercial textual compatível: FIT; designação comercial exata; modelo/família compatível; combustível flex compatível; versão/acabamento compatível; motor compatível; transmissão compatível,alto,True
FIT LX,exato,2012 | HONDA | FIT | LX | 1 4 16V | A-5 | FLEX,HONDA,Fit LX 1.4-16V A-5,marca compatível; ano PBEV igual ao ano-modelo FIPE; família comercial textual compatível: FIT; designação comercial exata; modelo/família compatível; combustível flex compatível; versão/acabamento compatível; motor compatível; transmissão compatível,alto,True
FIT LXL,exato,2012 | HONDA | FIT | LXL | 1 4 16V | A-5 | FLEX,HONDA,Fit LXL 1.4-16V A-5,marca compatível; ano PBEV igual ao ano-modelo FIPE; família comercial textual compatível: FIT; designação comercial exata; modelo/família compatível; combustível flex compatível; versão/acabamento compatível; motor compatível; transmissão compatível,alto,True
FIT EX,exato,2012 | HONDA | FIT | EX | 1 5 16V | M-5 | FLEX,HONDA,Fit EX 1.5-16V M-5,marca compatível; ano PBEV igual ao ano-modelo FIPE; família comercial textual compatível: FIT; designação comercial exata; modelo/família compatível; combustível flex compatível; versão/acabamento compatível; motor compatível; transmissão compatível,alto,True
FIT EX,exato,2012 | HONDA | FIT | EX | 1 5 16V | A-5 | FLEX,HONDA,Fit EX 1.5-16V A-5,marca compatível; ano PBEV igual ao ano-modelo FIPE; família comercial textual compatível: FIT; designação comercial exata; modelo/família compatível; combustível flex compatível; versão/acabamento compatível; motor compatível; transmissão compatível,alto,True
HB20 COMFORT,exato,2012 | HYUNDAI | HB20 | COMFORT | 1 0 12V | M-5 | FLEX,HYUNDAI,HB20 Comfort 1.0-12V M-5,marca compatível; ano PBEV igual ao ano-modelo FIPE; token forte de modelo compatível: HB20; designação comercial exata; número/modelo compatível; modelo/família compatível; combustível flex compatível; versão/acabamento compatível; motor compatível; transmissão compatível,alto,True
HB20 COMFORT PLUS,exato,2012 | HYUNDAI | HB20 | COMFORT PLUS | 1 0 12V | M-5 | FLEX,HYUNDAI,HB20 Comfort Plus 1.0-12V M-5,marca compatível; ano PBEV igual ao ano-modelo FIPE; token forte de modelo compatível: HB20; designação comercial exata; número/modelo compatível; modelo/família compatível; combustível flex compatível; versão/acabamento compatível; motor compatível; transmissão compatível,alto,True
HB20 COMFORT STYLE,exato,2012 | HYUNDAI | HB20 | COMFORT STYLE | 1 0 12V | M-5 | FLEX,HYUNDAI,HB20 Comfort Style 1.0-12V M-5,marca compatível; ano PBEV igual ao ano-modelo FIPE; token forte de modelo compatível: HB20; designação comercial exata; número/modelo compatível; modelo/família compatível; combustível flex compatível; versão/acabamento compatível; motor compatível; transmissão compatível,alto,True
HB20 COMFORT,exato,2012 | HYUNDAI | HB20 | COMFORT | 1 6 16V | M-5 | FLEX,HYUNDAI,HB20 Comfort 1.6-16V M-5,marca compatível; ano PBEV igual ao ano-modelo FIPE; token forte de modelo compatível: HB20; designação comercial exata; número/modelo compatível; modelo/família compatível; combustível flex compatível; versão/acabamento compatível; motor compatível; transmissão compatível,alto,True
HB20 COMFORT PLUS,exato,2012 | HYUNDAI | HB20 | COMFORT PLUS | 1 6 16V | M-5 | FLEX,HYUNDAI,HB20 Comfort Plus 1.6-16V M-5,marca compatível; ano PBEV igual ao ano-modelo FIPE; token forte de modelo compatível: HB20; designação comercial exata; número/modelo compatível; modelo/família compatível; combustível flex compatível; versão/acabamento compatível; motor compatível; transmissão compatível,alto,True
HB20 COMFORT STYLE,exato,2012 | HYUNDAI | HB20 | COMFORT STYLE | 1 6 16V | M-5 | FLEX,HYUNDAI,HB20 Comfort Style 1.6-16V M-5,marca compatível; ano PBEV igual ao ano-modelo FIPE; token forte de modelo compatível: HB20; designação comercial exata; número/modelo compatível; modelo/família compatível; combustível flex compatível; versão/acabamento compatível; motor compatível; transmissão compatível,alto,True
HB20 PREMIUM,exato,2012 | HYUNDAI | HB20 | PREMIUM | 1 6 16V | M-5 | FLEX,HYUNDAI,HB20 Premium 1.6-16V M-5,marca compatível; ano PBEV igual ao ano-modelo FIPE; token forte de modelo compatível: HB20; designação comercial exata; número/modelo compatível; modelo/família compatível; combustível flex compatível; versão/acabamento compatível; motor compatível; transmissão compatível,alto,True
207 HB BLUE LION 5 PORTAS,exato,2012 | PEUGEOT | 207 HB BLUE LION | 5 PORTAS | 1 4 8V | M-5 | FLEX,PEUGEOT,207 HB Blue Lion 5 Portas 1.4-8V M-5,marca compatível; ano PBEV igual ao ano-modelo FIPE; token forte de modelo compatível: 207; designação comercial exata; número/modelo compatível; modelo/família compatível; combustível flex compatível; motor compatível; transmissão compatível,alto,True
207 HB XR 3 PORTAS,versoes_equivalentes,2012 | PEUGEOT | 207 HB | XR 3 PORTAS | 1 4 8V | M-5 | FLEX,PEUGEOT,207 HB XR 3 Portas 1.4-8V M-5,marca compatível; ano PBEV igual ao ano-modelo FIPE; token forte de modelo compatível: 207; designação comercial exata; número/modelo compatível; modelo/família compatível; combustível flex compatível; versão/acabamento compatível; motor compatível; transmissão compatível; candidatos próximos têm o mesmo consumo aplicável; ambiguidade não bloqueia,alto,True
207 HB XR 3 PORTAS,versoes_equivalentes,2012 | PEUGEOT | 207 HB | XR 5 PORTAS | 1 4 8V | M-5 | FLEX,PEUGEOT,207 HB XR 5 Portas 1.4-8V M-5,marca compatível; ano PBEV igual ao ano-modelo FIPE; token forte de modelo compatível: 207; designação comercial exata; número/modelo compatível; modelo/família compatível; combustível flex compatível; versão/acabamento compatível; motor compatível; transmissão compatível; candidatos próximos têm o mesmo consumo aplicável; ambiguidade não bloqueia,alto,True
207 HB XR S 5 PORTAS,exato,2012 | PEUGEOT | 207 HB | XR S 5 PORTAS | 1 4 8V | M-5 | FLEX,PEUGEOT,207 HB XR S 5 Portas 1.4-8V M-5,marca compatível; ano PBEV igual ao ano-modelo FIPE; token forte de modelo compatível: 207; designação comercial exata; número/modelo compatível; modelo/família compatível; combustível flex compatível; versão/acabamento compatível; motor compatível; transmissão compatível,alto,True
207 PASSION XR,exato,2012 | PEUGEOT | 207 PASSION | XR | 1 4 8V | M-5 | FLEX,PEUGEOT,207 Passion XR 1.4-8V M-5,marca compatível; ano PBEV igual ao ano-modelo FIPE; token forte de modelo compatível: 207; designação comercial exata; número/modelo compatível; modelo/família compatível; combustível flex compatível; versão/acabamento compatível; motor compatível; transmissão compatível,alto,True
207 PASSION XR S,exato,2012 | PEUGEOT | 207 PASSION | XR S | 1 4 8V | M-5 | FLEX,PEUGEOT,207 Passion XR S 1.4-8V M-5,marca compatível; ano PBEV igual ao ano-modelo FIPE; token forte de modelo compatível: 207; designação comercial exata; número/modelo compatível; modelo/família compatível; combustível flex compatível; versão/acabamento compatível; motor compatível; transmissão compatível,alto,True
207 SW XR,exato,2012 | PEUGEOT | 207 SW | XR | 1 4 8V | M-5 | FLEX,PEUGEOT,207 SW XR 1.4-8V M-5,marca compatível; ano PBEV igual ao ano-modelo FIPE; token forte de modelo compatível: 207; carroceria compatível; designação comercial exata; número/modelo compatível; modelo/família compatível; combustível flex compatível; versão/acabamento compatível; motor compatível; transmissão compatível,alto,True
207 SW XR S,exato,2012 | PEUGEOT | 207 SW | XR S | 1 4 8V | M-5 | FLEX,PEUGEOT,207 SW XR S 1.4-8V M-5,marca compatível; ano PBEV igual ao ano-modelo FIPE; token forte de modelo compatível: 207; carroceria compatível; designação comercial exata; número/modelo compatível; modelo/família compatível; combustível flex compatível; versão/acabamento compatível; motor compatível; transmissão compatível,alto,True
SANDERO AUTHENTIQUE,exato,2012 | RENAULT | SANDERO | AUTHENTIQUE | 1 0 16V | M-5 | FLEX,RENAULT,Sandero Authentique 1.0-16V M-5,"marca compatível; ano PBEV igual ao ano-modelo FIPE; família comercial textual compatível: AUTHENTIQUE, SANDERO; designação comercial exata; modelo/família compatível; combustível flex compatível; motor compatível; transmissão compatível",alto,True
SANDERO EXPRESSION,exato,2012 | RENAULT | SANDERO | EXPRESSION | 1 0 16V | M-5 | FLEX,RENAULT,Sandero Expression 1.0-16V M-5,"marca compatível; ano PBEV igual ao ano-modelo FIPE; família comercial textual compatível: EXPRESSION, SANDERO; designação comercial exata; modelo/família compatível; combustível flex compatível; motor compatível; transmissão compatível",alto,True
ETIOS HB 1.3,versoes_equivalentes,2012 | TOYOTA | ETIOS HB | 1 3 | 1 3 16V | M-5 | FLEX,TOYOTA,Etios HB 1.3 1.3-16V M-5,marca compatível; ano PBEV igual ao ano-modelo FIPE; família comercial textual compatível: ETIOS; designação comercial exata; modelo/família compatível; combustível flex compatível; motor compatível; transmissão compatível; candidatos próximos têm o mesmo consumo aplicável; ambiguidade não bloqueia,alto,True
ETIOS HB 1.3,versoes_equivalentes,2012 | TOYOTA | ETIOS HB | X | 1 3 16V | M-5 | FLEX,TOYOTA,Etios HB X 1.3-16V M-5,marca compatível; ano PBEV igual ao ano-modelo FIPE; família comercial textual compatível: ETIOS; designação comercial exata; modelo/família compatível; combustível flex compatível; motor compatível; transmissão compatível; candidatos próximos têm o mesmo consumo aplicável; ambiguidade não bloqueia,alto,True
ETIOS HB XS,exato,2012 | TOYOTA | ETIOS HB | XS | 1 3 16V | M-5 | FLEX,TOYOTA,Etios HB XS 1.3-16V M-5,marca compatível; ano PBEV igual ao ano-modelo FIPE; família comercial textual compatível: ETIOS; designação comercial exata; modelo/família compatível; combustível flex compatível; versão/acabamento compatível; motor compatível; transmissão compatível,alto,True
ETIOS HB XLS,exato,2012 | TOYOTA | ETIOS HB | XLS | 1 5 16V | M-5 | FLEX,TOYOTA,Etios HB XLS 1.5-16V M-5,marca compatível; ano PBEV igual ao ano-modelo FIPE; família comercial textual compatível: ETIOS; designação comercial exata; modelo/família compatível; combustível flex compatível; versão/acabamento compatível; motor compatível; transmissão compatível,alto,True
GOL ECOMOTION 2 PORTAS,versoes_equivalentes,2012 | VOLKSWAGEN | GOL ECOMOTION | 2 PORTAS | 1 0 8V | M-5 | FLEX,VOLKSWAGEN,Gol Ecomotion 2 Portas 1.0-8V M-5,"marca compatível; ano PBEV igual ao ano-modelo FIPE; família comercial textual compatível: ECOMOTION, GOL; designação comercial exata; modelo/família compatível; combustível flex compatível; motor compatível; transmissão compatível; candidatos próximos têm o mesmo consumo aplicável; ambiguidade não bloqueia",alto,True
GOL ECOMOTION 2 PORTAS,versoes_equivalentes,2012 | VOLKSWAGEN | GOL ECOMOTION | 4 PORTAS | 1 0 8V | M-5 | FLEX,VOLKSWAGEN,Gol Ecomotion 4 Portas 1.0-8V M-5,"marca compatível; ano PBEV igual ao ano-modelo FIPE; família comercial textual compatível: ECOMOTION, GOL; designação comercial exata; modelo/família compatível; combustível flex compatível; motor compatível; transmissão compatível; candidatos próximos têm o mesmo consumo aplicável; ambiguidade não bloqueia",alto,True
GOL G4 2 PORTAS,versoes_equivalentes,2012 | VOLKSWAGEN | GOL G4 | 2 PORTAS | 1 0 8V | M-5 | FLEX,VOLKSWAGEN,Gol G4 2 Portas 1.0-8V M-5,marca compatível; ano PBEV igual ao ano-modelo FIPE; token forte de modelo compatível: G4; designação comercial exata; modelo/família compatível; combustível flex compatível; motor compatível; transmissão compatível; candidatos próximos têm o mesmo consumo aplicável; ambiguidade não bloqueia,alto,True
GOL G4 2 PORTAS,versoes_equivalentes,2012 | VOLKSWAGEN | GOL G4 | 4 PORTAS | 1 0 8V | M-5 | FLEX,VOLKSWAGEN,Gol G4 4 Portas 1.0-8V M-5,marca compatível; ano PBEV igual ao ano-modelo FIPE; token forte de modelo compatível: G4; designação comercial exata; modelo/família compatível; combustível flex compatível; motor compatível; transmissão compatível; candidatos próximos têm o mesmo consumo aplicável; ambiguidade não bloqueia,alto,True
GOL 1.0,exato,2012 | VOLKSWAGEN | GOL | 1 0 | 1 0 8V | M-5 | FLEX,VOLKSWAGEN,Gol 1.0 1.0-8V M-5,marca compatível; ano PBEV igual ao ano-modelo FIPE; família comercial textual compatível: GOL; designação comercial exata; modelo/família compatível; combustível flex compatível; motor compatível; transmissão compatível,alto,True
GOL 1.6,versoes_equivalentes,2012 | VOLKSWAGEN | GOL | 1 6 | 1 6 8V | M-5 | FLEX,VOLKSWAGEN,Gol 1.6 1.6-8V M-5,marca compatível; ano PBEV igual ao ano-modelo FIPE; família comercial textual compatível: GOL; designação comercial exata; modelo/família compatível; combustível flex compatível; motor compatível; transmissão compatível; candidatos próximos têm o mesmo consumo aplicável; ambiguidade não bloqueia,alto,True
GOL POWER,versoes_equivalentes,2012 | VOLKSWAGEN | GOL | POWER | 1 6 8V | M-5 | FLEX,VOLKSWAGEN,Gol Power 1.6-8V M-5,"marca compatível; ano PBEV igual ao ano-modelo FIPE; família comercial textual compatível: GOL, POWER; designação comercial exata; modelo/família compatível; combustível flex compatível; motor compatível; transmissão compatível; candidatos próximos têm o mesmo consumo aplicável; ambiguidade não bloqueia",alto,True
GOL I-MOTION,versoes_equivalentes,2012 | VOLKSWAGEN | GOL | I MOTION | 1 6 8V | MTA-5 | FLEX,VOLKSWAGEN,Gol I-Motion 1.6-8V MTA-5,"marca compatível; ano PBEV igual ao ano-modelo FIPE; família comercial textual compatível: GOL, MOTION; designação comercial exata; modelo/família compatível; combustível flex compatível; motor compatível; transmissão compatível; candidatos próximos têm o mesmo consumo aplicável; ambiguidade não bloqueia",alto,True
GOL POWER I-MOTION,versoes_equivalentes,2012 | VOLKSWAGEN | GOL | POWER I MOTION | 1 6 8V | MTA-5 | FLEX,VOLKSWAGEN,Gol Power I-Motion 1.6-8V MTA-5,"marca compatível; ano PBEV igual ao ano-modelo FIPE; família comercial textual compatível: GOL, MOTION, POWER; designação comercial exata; modelo/família compatível; combustível flex compatível; motor compatível; transmissão compatível; candidatos próximos têm o mesmo consumo aplicável; ambiguidade não bloqueia",alto,True
NOVO GOL BLUEMOTION TECHNOLOGY,exato,2012 | VOLKSWAGEN | NOVO GOL | BLUEMOTION TECHNOLOGY | 1 0 8V | M-5 | FLEX,VOLKSWAGEN,Novo Gol BlueMotion Technology 1.0-8V M-5,"marca compatível; ano PBEV igual ao ano-modelo FIPE; família comercial textual compatível: BLUEMOTION, GOL, TECHNOLOGY; designação comercial exata; modelo/família compatível; combustível flex compatível; motor compatível; transmissão compatível",alto,True
GOL 1.0,exato,2012 | VOLKSWAGEN | NOVO GOL | 1 0 | 1 0 8V | M-5 | FLEX,VOLKSWAGEN,Novo Gol 1.0 1.0-8V M-5,marca compatível; ano PBEV igual ao ano-modelo FIPE; família comercial textual compatível: GOL; designação comercial exata; modelo/família compatível; combustível flex compatível; motor compatível; transmissão compatível,alto,True
NOVO GOL CITY,exato,2012 | VOLKSWAGEN | NOVO GOL | CITY | 1 0 8V | M-5 | FLEX,VOLKSWAGEN,Novo Gol City 1.0-8V M-5,"marca compatível; ano PBEV igual ao ano-modelo FIPE; família comercial textual compatível: CITY, GOL; designação comercial exata; modelo/família compatível; combustível flex compatível; motor compatível; transmissão compatível",alto,True
GOL 1.6,versoes_equivalentes,2012 | VOLKSWAGEN | NOVO GOL | 1 6 | 1 6 8V | M-5 | FLEX,VOLKSWAGEN,Novo Gol 1.6 1.6-8V M-5,marca compatível; ano PBEV igual ao ano-modelo FIPE; família comercial textual compatível: GOL; designação comercial exata; modelo/família compatível; combustível flex compatível; motor compatível; transmissão compatível; candidatos próximos têm o mesmo consumo aplicável; ambiguidade não bloqueia,alto,True
NOVO GOL CITY,exato,2012 | VOLKSWAGEN | NOVO GOL | CITY | 1 6 8V | M-5 | FLEX,VOLKSWAGEN,Novo Gol City 1.6-8V M-5,"marca compatível; ano PBEV igual ao ano-modelo FIPE; família comercial textual compatível: CITY, GOL; designação comercial exata; modelo/família compatível; combustível flex compatível; motor compatível; transmissão compatível",alto,True
GOL POWER,versoes_equivalentes,2012 | VOLKSWAGEN | NOVO GOL | POWER | 1 6 8V | M-5 | FLEX,VOLKSWAGEN,Novo Gol Power 1.6-8V M-5,"marca compatível; ano PBEV igual ao ano-modelo FIPE; família comercial textual compatível: GOL, POWER; designação comercial exata; modelo/família compatível; combustível flex compatível; motor compatível; transmissão compatível; candidatos próximos têm o mesmo consumo aplicável; ambiguidade não bloqueia",alto,True
GOL I-MOTION,versoes_equivalentes,2012 | VOLKSWAGEN | NOVO GOL | I MOTION | 1 6 8V | MTA-5 | FLEX,VOLKSWAGEN,Novo Gol I-Motion 1.6-8V MTA-5,"marca compatível; ano PBEV igual ao ano-modelo FIPE; família comercial textual compatível: GOL, MOTION; designação comercial exata; modelo/família compatível; combustível flex compatível; motor compatível; transmissão compatível; candidatos próximos têm o mesmo consumo aplicável; ambiguidade não bloqueia",alto,True
NOVO GOL CITY I-MOTION,exato,2012 | VOLKSWAGEN | NOVO GOL | CITY I MOTION | 1 6 8V | MTA-5 | FLEX,VOLKSWAGEN,Novo Gol City I-Motion 1.6-8V MTA-5,"marca compatível; ano PBEV igual ao ano-modelo FIPE; família comercial textual compatível: CITY, GOL, MOTION; designação comercial exata; modelo/família compatível; combustível flex compatível; motor compatível; transmissão compatível",alto,True
GOL POWER I-MOTION,versoes_equivalentes,2012 | VOLKSWAGEN | NOVO GOL | POWER I MOTION | 1 6 8V | MTA-5 | FLEX,VOLKSWAGEN,Novo Gol Power I-Motion 1.6-8V MTA-5,"marca compatível; ano PBEV igual ao ano-modelo FIPE; família comercial textual compatível: GOL, MOTION, POWER; designação comercial exata; modelo/família compatível; combustível flex compatível; motor compatível; transmissão compatível; candidatos próximos têm o mesmo consumo aplicável; ambiguidade não bloqueia",alto,True
POLO BLUEMOTION,exato,2012 | VOLKSWAGEN | POLO | BLUEMOTION | 1 6 8V | M-5 | FLEX,VOLKSWAGEN,Polo BlueMotion 1.6-8V M-5,"marca compatível; ano PBEV igual ao ano-modelo FIPE; família comercial textual compatível: BLUEMOTION, POLO; designação comercial exata; modelo/família compatível; combustível flex compatível; motor compatível; transmissão compatível",alto,True
POLO 1.6,exato,2012 | VOLKSWAGEN | POLO | 1 6 | 1 6 8V | M-5 | FLEX,VOLKSWAGEN,Polo 1.6 1.6-8V M-5,marca compatível; ano PBEV igual ao ano-modelo FIPE; família comercial textual compatível: POLO; designação comercial exata; modelo/família compatível; combustível flex compatível; motor compatível; transmissão compatível,alto,True
POLO SPORTLINE,exato,2012 | VOLKSWAGEN | POLO | SPORTLINE | 1 6 8V | M-5 | FLEX,VOLKSWAGEN,Polo Sportline 1.6-8V M-5,"marca compatível; ano PBEV igual ao ano-modelo FIPE; família comercial textual compatível: POLO, SPORTLINE; designação comercial exata; modelo/família compatível; combustível flex compatível; motor compatível; transmissão compatível",alto,True
POLO SEDAN 1.6,exato,2012 | VOLKSWAGEN | POLO SEDAN | 1 6 | 1 6 8V | M-5 | FLEX,VOLKSWAGEN,Polo Sedan 1.6 1.6-8V M-5,marca compatível; ano PBEV igual ao ano-modelo FIPE; família comercial textual compatível: POLO; carroceria compatível; designação comercial exata; modelo/família compatível; combustível flex compatível; motor compatível; transmissão compatível,alto,True
POLO SEDAN COMFORTLINE,exato,2012 | VOLKSWAGEN | POLO SEDAN | COMFORTLINE | 1 6 8V | M-5 | FLEX,VOLKSWAGEN,Polo Sedan Comfortline 1.6-8V M-5,marca compatível; ano PBEV igual ao ano-modelo FIPE; família comercial textual compatível: POLO; carroceria compatível; designação comercial exata; modelo/família compatível; combustível flex compatível; versão/acabamento compatível; motor compatível; transmissão compatível,alto,True
FIESTA SEDAN SE,exato,2012 | FORD | FIESTA SEDAN | SE | 1 6 16V | M-5 | FLEX,FORD,Fiesta Sedan SE 1.6-16V M-5,marca compatível; ano PBEV igual ao ano-modelo FIPE; família comercial textual compatível: FIESTA; carroceria compatível; designação comercial exata; modelo/família compatível; combustível flex compatível; versão/acabamento compatível; motor compatível; transmissão compatível,alto,True
FIESTA HATCH SE HA,exato,2012 | FORD | FIESTA HATCH | SE HA | 1 6 16V | M-5 | FLEX,FORD,Fiesta Hatch SE HA 1.6-16V M-5,marca compatível; ano PBEV igual ao ano-modelo FIPE; família comercial textual compatível: FIESTA; carroceria compatível; designação comercial exata; modelo/família compatível; combustível flex compatível; versão/acabamento compatível; motor compatível; transmissão compatível,alto,True
CITY DX,exato,2012 | HONDA | CITY | DX | 1 5 16V | M-5 | FLEX,HONDA,City DX 1.5-16V M-5,marca compatível; ano PBEV igual ao ano-modelo FIPE; família comercial textual compatível: CITY; designação comercial exata; modelo/família compatível; combustível flex compatível; versão/acabamento compatível; motor compatível; transmissão compatível,alto,True
CITY LX,exato,2012 | HONDA | CITY | LX | 1 5 16V | M-5 | FLEX,HONDA,City LX 1.5-16V M-5,marca compatível; ano PBEV igual ao ano-modelo FIPE; família comercial textual compatível: CITY; designação comercial exata; modelo/família compatível; combustível flex compatível; versão/acabamento compatível; motor compatível; transmissão compatível,alto,True
CITY EX,exato,2012 | HONDA | CITY | EX | 1 5 16V | M-5 | FLEX,HONDA,City EX 1.5-16V M-5,marca compatível; ano PBEV igual ao ano-modelo FIPE; família comercial textual compatível: CITY; designação comercial exata; modelo/família compatível; combustível flex compatível; versão/acabamento compatível; motor compatível; transmissão compatível,alto,True
CITY EXL,exato,2012 | HONDA | CITY | EXL | 1 5 16V | M-5 | FLEX,HONDA,City EXL 1.5-16V M-5,marca compatível; ano PBEV igual ao ano-modelo FIPE; família comercial textual compatível: CITY; designação comercial exata; modelo/família compatível; combustível flex compatível; versão/acabamento compatível; motor compatível; transmissão compatível,alto,True
CITY DX,exato,2012 | HONDA | CITY | DX | 1 5 16V | A-5 | FLEX,HONDA,City DX 1.5-16V A-5,marca compatível; ano PBEV igual ao ano-modelo FIPE; família comercial textual compatível: CITY; designação comercial exata; modelo/família compatível; combustível flex compatível; versão/acabamento compatível; motor compatível; transmissão compatível,alto,True
CITY LX,exato,2012 | HONDA | CITY | LX | 1 5 16V | A-5 | FLEX,HONDA,City LX 1.5-16V A-5,marca compatível; ano PBEV igual ao ano-modelo FIPE; família comercial textual compatível: CITY; designação comercial exata; modelo/família compatível; combustível flex compatível; versão/acabamento compatível; motor compatível; transmissão compatível,alto,True
CITY EX,exato,2012 | HONDA | CITY | EX | 1 5 16V | A-5 | FLEX,HONDA,City EX 1.5-16V A-5,marca compatível; ano PBEV igual ao ano-modelo FIPE; família comercial textual compatível: CITY; designação comercial exata; modelo/família compatível; combustível flex compatível; versão/acabamento compatível; motor compatível; transmissão compatível,alto,True
CITY EXL,exato,2012 | HONDA | CITY | EXL | 1 5 16V | A-5 | FLEX,HONDA,City EXL 1.5-16V A-5,marca compatível; ano PBEV igual ao ano-modelo FIPE; família comercial textual compatível: CITY; designação comercial exata; modelo/família compatível; combustível flex compatível; versão/acabamento compatível; motor compatível; transmissão compatível,alto,True
SOUL EX,exato,2012 | KIA | SOUL | EX | 1 6 16V | M-6 | FLEX,KIA,Soul EX 1.6-16V M-6,marca compatível; ano PBEV igual ao ano-modelo FIPE; família comercial textual compatível: SOUL; designação comercial exata; modelo/família compatível; combustível flex compatível; versão/acabamento compatível; motor compatível; transmissão compatível,alto,True
SOUL LX,exato,2012 | KIA | SOUL | LX | 1 6 16V | M-6 | FLEX,KIA,Soul LX 1.6-16V M-6,marca compatível; ano PBEV igual ao ano-modelo FIPE; família comercial textual compatível: SOUL; designação comercial exata; modelo/família compatível; combustível flex compatível; versão/acabamento compatível; motor compatível; transmissão compatível,alto,True
SOUL EX,exato,2012 | KIA | SOUL | EX | 1 6 16V | A-6 | FLEX,KIA,Soul EX 1.6-16V A-6,marca compatível; ano PBEV igual ao ano-modelo FIPE; família comercial textual compatível: SOUL; designação comercial exata; modelo/família compatível; combustível flex compatível; versão/acabamento compatível; motor compatível; transmissão compatível,alto,True
SOUL LX,exato,2012 | KIA | SOUL | LX | 1 6 16V | A-6 | FLEX,KIA,Soul LX 1.6-16V A-6,marca compatível; ano PBEV igual ao ano-modelo FIPE; família comercial textual compatível: SOUL; designação comercial exata; modelo/família compatível; combustível flex compatível; versão/acabamento compatível; motor compatível; transmissão compatível,alto,True
LOGAN AUTHENTIQUE,exato,2012 | RENAULT | LOGAN | AUTHENTIQUE | 1 0 16V | M-5 | FLEX,RENAULT,Logan Authentique 1.0-16V M-5,"marca compatível; ano PBEV igual ao ano-modelo FIPE; família comercial textual compatível: AUTHENTIQUE, LOGAN; designação comercial exata; modelo/família compatível; combustível flex compatível; motor compatível; transmissão compatível",alto,True
LOGAN EXPRESSION,exato,2012 | RENAULT | LOGAN | EXPRESSION | 1 0 16V | M-5 | FLEX,RENAULT,Logan Expression 1.0-16V M-5,"marca compatível; ano PBEV igual ao ano-modelo FIPE; família comercial textual compatível: EXPRESSION, LOGAN; designação comercial exata; modelo/família compatível; combustível flex compatível; motor compatível; transmissão compatível",alto,True
SYMBOL EXPRESSION,exato,2012 | RENAULT | SYMBOL | EXPRESSION | 1 6 16V | M-5 | FLEX,RENAULT,Symbol Expression 1.6-16V M-5,"marca compatível; ano PBEV igual ao ano-modelo FIPE; família comercial textual compatível: EXPRESSION, SYMBOL; designação comercial exata; modelo/família compatível; combustível flex compatível; motor compatível; transmissão compatível",alto,True
SYMBOL PRIVILEGE,exato,2012 | RENAULT | SYMBOL | PRIVILEGE | 1 6 16V | M-5 | FLEX,RENAULT,Symbol Privilege 1.6-16V M-5,"marca compatível; ano PBEV igual ao ano-modelo FIPE; família comercial textual compatível: PRIVILEGE, SYMBOL; designação comercial exata; modelo/família compatível; combustível flex compatível; motor compatível; transmissão compatível",alto,True
ETIOS SD X,exato,2012 | TOYOTA | ETIOS SD | X | 1 5 16V | M-5 | FLEX,TOYOTA,Etios SD X 1.5-16V M-5,marca compatível; ano PBEV igual ao ano-modelo FIPE; família comercial textual compatível: ETIOS; designação comercial exata; modelo/família compatível; combustível flex compatível; motor compatível; transmissão compatível,alto,True
ETIOS SD XS,exato,2012 | TOYOTA | ETIOS SD | XS | 1 5 16V | M-5 | FLEX,TOYOTA,Etios SD XS 1.5-16V M-5,marca compatível; ano PBEV igual ao ano-modelo FIPE; família comercial textual compatível: ETIOS; designação comercial exata; modelo/família compatível; combustível flex compatível; versão/acabamento compatível; motor compatível; transmissão compatível,alto,True
ETIOS SD XLS,exato,2012 | TOYOTA | ETIOS SD | XLS | 1 5 16V | M-5 | FLEX,TOYOTA,Etios SD XLS 1.5-16V M-5,marca compatível; ano PBEV igual ao ano-modelo FIPE; família comercial textual compatível: ETIOS; designação comercial exata; modelo/família compatível; combustível flex compatível; versão/acabamento compatível; motor compatível; transmissão compatível,alto,True
VOYAGE 1.0,exato,2012 | VOLKSWAGEN | VOYAGE | 1 0 | 1 0 8V | M-5 | FLEX,VOLKSWAGEN,Voyage 1.0 1.0-8V M-5,marca compatível; ano PBEV igual ao ano-modelo FIPE; família comercial textual compatível: VOYAGE; designação comercial exata; modelo/família compatível; combustível flex compatível; motor compatível; transmissão compatível,alto,True
VOYAGE 1.6,versoes_equivalentes,2012 | VOLKSWAGEN | VOYAGE | 1 6 | 1 6 8V | M-5 | FLEX,VOLKSWAGEN,Voyage 1.6 1.6-8V M-5,marca compatível; ano PBEV igual ao ano-modelo FIPE; família comercial textual compatível: VOYAGE; designação comercial exata; modelo/família compatível; combustível flex compatível; motor compatível; transmissão compatível; candidatos próximos têm o mesmo consumo aplicável; ambiguidade não bloqueia,alto,True
VOYAGE COMFORTLINE,versoes_equivalentes,2012 | VOLKSWAGEN | VOYAGE | COMFORTLINE | 1 6 8V | M-5 | FLEX,VOLKSWAGEN,Voyage Comfortline 1.6-8V M-5,marca compatível; ano PBEV igual ao ano-modelo FIPE; família comercial textual compatível: VOYAGE; designação comercial exata; modelo/família compatível; combustível flex compatível; versão/acabamento compatível; motor compatível; transmissão compatível; candidatos próximos têm o mesmo consumo aplicável; ambiguidade não bloqueia,alto,True
VOYAGE I-MOTION,versoes_equivalentes,2012 | VOLKSWAGEN | VOYAGE | I MOTION | 1 6 8V | MTA-5 | FLEX,VOLKSWAGEN,Voyage I-Motion 1.6-8V MTA-5,"marca compatível; ano PBEV igual ao ano-modelo FIPE; família comercial textual compatível: MOTION, VOYAGE; designação comercial exata; modelo/família compatível; combustível flex compatível; motor compatível; transmissão compatível; candidatos próximos têm o mesmo consumo aplicável; ambiguidade não bloqueia",alto,True
VOYAGE COMFORTLINE I-MOTION,versoes_equivalentes,2012 | VOLKSWAGEN | VOYAGE | COMFORTLINE I MOTION | 1 6 8V | MTA-5 | FLEX,VOLKSWAGEN,Voyage Comfortline I-Motion 1.6-8V MTA-5,"marca compatível; ano PBEV igual ao ano-modelo FIPE; família comercial textual compatível: MOTION, VOYAGE; designação comercial exata; modelo/família compatível; combustível flex compatível; versão/acabamento compatível; motor compatível; transmissão compatível; candidatos próximos têm o mesmo consumo aplicável; ambiguidade não bloqueia",alto,True
VOYAGE 1.0,exato,2012 | VOLKSWAGEN | NOVO VOYAGE | 1 0 | 1 0 8V | M-5 | FLEX,VOLKSWAGEN,Novo Voyage 1.0 1.0-8V M-5,marca compatível; ano PBEV igual ao ano-modelo FIPE; família comercial textual compatível: VOYAGE; designação comercial exata; modelo/família compatível; combustível flex compatível; motor compatível; transmissão compatível,alto,True
NOVO VOYAGE CITY,exato,2012 | VOLKSWAGEN | NOVO VOYAGE | CITY | 1 0 8V | M-5 | FLEX,VOLKSWAGEN,Novo Voyage City 1.0-8V M-5,"marca compatível; ano PBEV igual ao ano-modelo FIPE; família comercial textual compatível: CITY, VOYAGE; designação comercial exata; modelo/família compatível; combustível flex compatível; motor compatível; transmissão compatível",alto,True
VOYAGE 1.6,versoes_equivalentes,2012 | VOLKSWAGEN | NOVO VOYAGE | 1 6 | 1 6 8V | M-5 | FLEX,VOLKSWAGEN,Novo Voyage 1.6 1.6-8V M-5,marca compatível; ano PBEV igual ao ano-modelo FIPE; família comercial textual compatível: VOYAGE; designação comercial exata; modelo/família compatível; combustível flex compatível; motor compatível; transmissão compatível; candidatos próximos têm o mesmo consumo aplicável; ambiguidade não bloqueia,alto,True
VOYAGE COMFORTLINE,versoes_equivalentes,2012 | VOLKSWAGEN | NOVO VOYAGE | COMFORTLINE | 1 6 8V | M-5 | FLEX,VOLKSWAGEN,Novo Voyage Comfortline 1.6-8V M-5,marca compatível; ano PBEV igual ao ano-modelo FIPE; família comercial textual compatível: VOYAGE; designação comercial exata; modelo/família compatível; combustível flex compatível; versão/acabamento compatível; motor compatível; transmissão compatível; candidatos próximos têm o mesmo consumo aplicável; ambiguidade não bloqueia,alto,True
NOVO VOYAGE CITY,exato,2012 | VOLKSWAGEN | NOVO VOYAGE | CITY | 1 6 8V | M-5 | FLEX,VOLKSWAGEN,Novo Voyage City 1.6-8V M-5,"marca compatível; ano PBEV igual ao ano-modelo FIPE; família comercial textual compatível: CITY, VOYAGE; designação comercial exata; modelo/família compatível; combustível flex compatível; motor compatível; transmissão compatível",alto,True
VOYAGE I-MOTION,versoes_equivalentes,2012 | VOLKSWAGEN | NOVO VOYAGE | I MOTION | 1 6 8V | MTA-5 | FLEX,VOLKSWAGEN,Novo Voyage I-Motion 1.6-8V MTA-5,"marca compatível; ano PBEV igual ao ano-modelo FIPE; família comercial textual compatível: MOTION, VOYAGE; designação comercial exata; modelo/família compatível; combustível flex compatível; motor compatível; transmissão compatível; candidatos próximos têm o mesmo consumo aplicável; ambiguidade não bloqueia",alto,True
VOYAGE COMFORTLINE I-MOTION,versoes_equivalentes,2012 | VOLKSWAGEN | NOVO VOYAGE | COMFORTLINE I MOTION | 1 6 8V | MTA-5 | FLEX,VOLKSWAGEN,Novo Voyage Comfortline I-Motion 1.6-8V MTA-5,"marca compatível; ano PBEV igual ao ano-modelo FIPE; família comercial textual compatível: MOTION, VOYAGE; designação comercial exata; modelo/família compatível; combustível flex compatível; versão/acabamento compatível; motor compatível; transmissão compatível; candidatos próximos têm o mesmo consumo aplicável; ambiguidade não bloqueia",alto,True
NOVO VOYAGE CITY I-MOTION,exato,2012 | VOLKSWAGEN | NOVO VOYAGE | CITY I MOTION | 1 6 8V | MTA-5 | FLEX,VOLKSWAGEN,Novo Voyage City I-Motion 1.6-8V MTA-5,"marca compatível; ano PBEV igual ao ano-modelo FIPE; família comercial textual compatível: CITY, MOTION, VOYAGE; designação comercial exata; modelo/família compatível; combustível flex compatível; motor compatível; transmissão compatível",alto,True
FUSION HYBRID,exato,2012 | FORD | FUSION | HYBRID | 2 5 16V | CVT | GASOLINA,FORD,Fusion Hybrid 2.5-16V CVT,marca compatível; ano PBEV igual ao ano-modelo FIPE; família comercial textual compatível: FUSION; designação comercial exata; modelo/família compatível; híbrido convencional compatível; motor compatível; transmissão compatível,alto,True
FOCUS HATCH HC,exato,2012 | FORD | FOCUS HATCH | HC | 1 6 16V | M-5 | FLEX,FORD,Focus Hatch HC 1.6-16V M-5,marca compatível; ano PBEV igual ao ano-modelo FIPE; família comercial textual compatível: FOCUS; carroceria compatível; designação comercial exata; modelo/família compatível; combustível flex compatível; versão/acabamento compatível; motor compatível; transmissão compatível,alto,True
FOCUS SEDAN FC,exato,2012 | FORD | FOCUS SEDAN | FC | 1 6 16V | M-5 | FLEX,FORD,Focus Sedan FC 1.6-16V M-5,marca compatível; ano PBEV igual ao ano-modelo FIPE; família comercial textual compatível: FOCUS; carroceria compatível; designação comercial exata; modelo/família compatível; combustível flex compatível; motor compatível; transmissão compatível,alto,True
FOCUS HATCH HC,exato,2012 | FORD | FOCUS HATCH | HC | 2 0 16V | M-5 | FLEX,FORD,Focus Hatch HC 2.0-16V M-5,marca compatível; ano PBEV igual ao ano-modelo FIPE; família comercial textual compatível: FOCUS; carroceria compatível; designação comercial exata; modelo/família compatível; combustível flex compatível; versão/acabamento compatível; motor compatível; transmissão compatível,alto,True
FOCUS SEDAN FC,exato,2012 | FORD | FOCUS SEDAN | FC | 2 0 16V | M-5 | FLEX,FORD,Focus Sedan FC 2.0-16V M-5,marca compatível; ano PBEV igual ao ano-modelo FIPE; família comercial textual compatível: FOCUS; carroceria compatível; designação comercial exata; modelo/família compatível; combustível flex compatível; motor compatível; transmissão compatível,alto,True
CIVIC LXS,exato,2012 | HONDA | CIVIC | LXS | 1 8 16V | A-5 | FLEX,HONDA,Civic LXS 1.8-16V A-5,"marca compatível; ano PBEV igual ao ano-modelo FIPE; família comercial textual compatível: CIVIC, LXS; designação comercial exata; modelo/família compatível; combustível flex compatível; motor compatível; transmissão compatível",alto,True
CIVIC LXL,exato,2012 | HONDA | CIVIC | LXL | 1 8 16V | A-5 | FLEX,HONDA,Civic LXL 1.8-16V A-5,marca compatível; ano PBEV igual ao ano-modelo FIPE; família comercial textual compatível: CIVIC; designação comercial exata; modelo/família compatível; combustível flex compatível; versão/acabamento compatível; motor compatível; transmissão compatível,alto,True
CIVIC EXS,exato,2012 | HONDA | CIVIC | EXS | 1 8 16V | A-5 | FLEX,HONDA,Civic EXS 1.8-16V A-5,"marca compatível; ano PBEV igual ao ano-modelo FIPE; família comercial textual compatível: CIVIC, EXS; designação comercial exata; modelo/família compatível; combustível flex compatível; motor compatível; transmissão compatível",alto,True
CIVIC LXS,exato,2012 | HONDA | CIVIC | LXS | 1 8 16V | M-5 | FLEX,HONDA,Civic LXS 1.8-16V M-5,"marca compatível; ano PBEV igual ao ano-modelo FIPE; família comercial textual compatível: CIVIC, LXS; designação comercial exata; modelo/família compatível; combustível flex compatível; motor compatível; transmissão compatível",alto,True
CIVIC LXL,exato,2012 | HONDA | CIVIC | LXL | 1 8 16V | M-5 | FLEX,HONDA,Civic LXL 1.8-16V M-5,marca compatível; ano PBEV igual ao ano-modelo FIPE; família comercial textual compatível: CIVIC; designação comercial exata; modelo/família compatível; combustível flex compatível; versão/acabamento compatível; motor compatível; transmissão compatível,alto,True
CERATO EX3,exato,2012 | KIA | CERATO | EX3 | 1 6 16V | M-6 | GASOLINA,KIA,Cerato EX3 1.6-16V M-6,marca compatível; ano PBEV igual ao ano-modelo FIPE; token forte de modelo compatível: EX3; designação comercial exata; modelo/família compatível; combustível gasolina compatível; motor compatível; transmissão compatível,alto,True
CERATO LX3,exato,2012 | KIA | CERATO | LX3 | 1 6 16V | M-6 | GASOLINA,KIA,Cerato LX3 1.6-16V M-6,marca compatível; ano PBEV igual ao ano-modelo FIPE; token forte de modelo compatível: LX3; designação comercial exata; modelo/família compatível; combustível gasolina compatível; motor compatível; transmissão compatível,alto,True
CERATO SX3,exato,2012 | KIA | CERATO | SX3 | 1 6 16V | M-6 | GASOLINA,KIA,Cerato SX3 1.6-16V M-6,marca compatível; ano PBEV igual ao ano-modelo FIPE; token forte de modelo compatível: SX3; designação comercial exata; modelo/família compatível; combustível gasolina compatível; motor compatível; transmissão compatível,alto,True
CERATO EX3,exato,2012 | KIA | CERATO | EX3 | 1 6 16V | A-6 | GASOLINA,KIA,Cerato EX3 1.6-16V A-6,marca compatível; ano PBEV igual ao ano-modelo FIPE; token forte de modelo compatível: EX3; designação comercial exata; modelo/família compatível; combustível gasolina compatível; motor compatível; transmissão compatível,alto,True
CERATO LX3,exato,2012 | KIA | CERATO | LX3 | 1 6 16V | A-6 | GASOLINA,KIA,Cerato LX3 1.6-16V A-6,marca compatível; ano PBEV igual ao ano-modelo FIPE; token forte de modelo compatível: LX3; designação comercial exata; modelo/família compatível; combustível gasolina compatível; motor compatível; transmissão compatível,alto,True
CERATO SX3,exato,2012 | KIA | CERATO | SX3 | 1 6 16V | A-6 | GASOLINA,KIA,Cerato SX3 1.6-16V A-6,marca compatível; ano PBEV igual ao ano-modelo FIPE; token forte de modelo compatível: SX3; designação comercial exata; modelo/família compatível; combustível gasolina compatível; motor compatível; transmissão compatível,alto,True
3008 THP ALLURE,exato,2012 | PEUGEOT | 3008 | THP ALLURE | 1 6 16V | A-6 | GASOLINA,PEUGEOT,3008 THP Allure 1.6-16V A-6,marca compatível; ano PBEV igual ao ano-modelo FIPE; token forte de modelo compatível: 3008; designação comercial exata; número/modelo compatível; modelo/família compatível; combustível gasolina compatível; motor compatível; transmissão compatível,alto,True
3008 THP GRIFFE,exato,2012 | PEUGEOT | 3008 | THP GRIFFE | 1 6 16V | A-6 | GASOLINA,PEUGEOT,3008 THP Griffe 1.6-16V A-6,marca compatível; ano PBEV igual ao ano-modelo FIPE; token forte de modelo compatível: 3008; designação comercial exata; número/modelo compatível; modelo/família compatível; combustível gasolina compatível; motor compatível; transmissão compatível,alto,True
RCZ THP,exato,2012 | PEUGEOT | RCZ | THP | 1 6 16V | A-6 | GASOLINA,PEUGEOT,RCZ THP 1.6-16V A-6,"marca compatível; ano PBEV igual ao ano-modelo FIPE; família comercial textual compatível: RCZ, THP; designação comercial exata; modelo/família compatível; combustível gasolina compatível; motor compatível; transmissão compatível",alto,True
308 CC THP,exato,2012 | PEUGEOT | 308 CC | THP | 1 6 16V | A-6 | GASOLINA,PEUGEOT,308 CC THP 1.6-16V A-6,marca compatível; ano PBEV igual ao ano-modelo FIPE; token forte de modelo compatível: 308; designação comercial exata; número/modelo compatível; modelo/família compatível; combustível gasolina compatível; motor compatível; transmissão compatível,alto,True
508 THP,exato,2012 | PEUGEOT | 508 | THP | 1 6 16V | A-6 | GASOLINA,PEUGEOT,508 THP 1.6-16V A-6,marca compatível; ano PBEV igual ao ano-modelo FIPE; token forte de modelo compatível: 508; designação comercial exata; número/modelo compatível; modelo/família compatível; combustível gasolina compatível; motor compatível; transmissão compatível,alto,True
FLUENCE DYNAMIQUE,exato,2012 | RENAULT | FLUENCE | DYNAMIQUE | 2 0 16V | M-6 | FLEX,RENAULT,Fluence Dynamique 2.0-16V M-6,"marca compatível; ano PBEV igual ao ano-modelo FIPE; família comercial textual compatível: DYNAMIQUE, FLUENCE; designação comercial exata; modelo/família compatível; combustível flex compatível; motor compatível; transmissão compatível",alto,True
MEGANE GRAND TOUR EXPRESSION,exato,2012 | RENAULT | MEGANE GRAND TOUR | EXPRESSION | 1 6 16V | M-5 | FLEX,RENAULT,Megane Grand Tour Expression 1.6-16V M-5,"marca compatível; ano PBEV igual ao ano-modelo FIPE; família comercial textual compatível: EXPRESSION, GRAND, MEGANE, TOUR; designação comercial exata; modelo/família compatível; combustível flex compatível; motor compatível; transmissão compatível",alto,True
MEGANE GRAND TOUR DYNAMIQUE,exato,2012 | RENAULT | MEGANE GRAND TOUR | DYNAMIQUE | 1 6 16V | M-5 | FLEX,RENAULT,Megane Grand Tour Dynamique 1.6-16V M-5,"marca compatível; ano PBEV igual ao ano-modelo FIPE; família comercial textual compatível: DYNAMIQUE, GRAND, MEGANE, TOUR; designação comercial exata; modelo/família compatível; combustível flex compatível; motor compatível; transmissão compatível",alto,True
COROLLA GLI,exato,2012 | TOYOTA | COROLLA | GLI | 1 8 16V | M-6 | FLEX,TOYOTA,Corolla Gli 1.8-16V M-6,"marca compatível; ano PBEV igual ao ano-modelo FIPE; família comercial textual compatível: COROLLA, GLI; designação comercial exata; modelo/família compatível; combustível flex compatível; motor compatível; transmissão compatível",alto,True
COROLLA XLI,exato,2012 | TOYOTA | COROLLA | XLI | 1 8 16V | M-6 | FLEX,TOYOTA,Corolla XLi 1.8-16V M-6,"marca compatível; ano PBEV igual ao ano-modelo FIPE; família comercial textual compatível: COROLLA, XLI; designação comercial exata; modelo/família compatível; combustível flex compatível; motor compatível; transmissão compatível",alto,True
COROLLA GLI,exato,2012 | TOYOTA | COROLLA | GLI | 1 8 16V | A-4 | FLEX,TOYOTA,Corolla Gli 1.8-16V A-4,"marca compatível; ano PBEV igual ao ano-modelo FIPE; família comercial textual compatível: COROLLA, GLI; designação comercial exata; modelo/família compatível; combustível flex compatível; motor compatível; transmissão compatível",alto,True
COROLLA XLI,exato,2012 | TOYOTA | COROLLA | XLI | 1 8 16V | A-4 | FLEX,TOYOTA,Corolla XLi 1.8-16V A-4,"marca compatível; ano PBEV igual ao ano-modelo FIPE; família comercial textual compatível: COROLLA, XLI; designação comercial exata; modelo/família compatível; combustível flex compatível; motor compatível; transmissão compatível",alto,True
CAMRY XLE,exato,2012 | TOYOTA | CAMRY | XLE | 3 5 24V | A-6 | GASOLINA,TOYOTA,Camry XLE 3.5-24V A-6,"marca compatível; ano PBEV igual ao ano-modelo FIPE; família comercial textual compatível: CAMRY, XLE; designação comercial exata; modelo/família compatível; combustível gasolina compatível; motor compatível; transmissão compatível",alto,True
NOVO IDEA ADVENTURE,exato,2012 | FIAT | NOVO IDEA | ADVENTURE | 1 8 16V | M-5 | FLEX,FIAT,Novo Idea Adventure 1.8-16V M-5,"marca compatível; ano PBEV igual ao ano-modelo FIPE; família comercial textual compatível: ADVENTURE, IDEA; designação comercial exata; modelo/família compatível; combustível flex compatível; motor compatível; transmissão compatível",alto,True
PALIO ADVENTURE,exato,2012 | FIAT | PALIO | ADVENTURE | 1 8 16V | M-5 | FLEX,FIAT,Palio Adventure 1.8-16V M-5,"marca compatível; ano PBEV igual ao ano-modelo FIPE; família comercial textual compatível: ADVENTURE, PALIO; designação comercial exata; modelo/família compatível; combustível flex compatível; motor compatível; transmissão compatível",alto,True
PALIO ADVENTURE DUALOGIC,exato,2012 | FIAT | PALIO | ADVENTURE DUALOGIC | 1 8 16V | MTA-5 | FLEX,FIAT,Palio Adventure Dualogic 1.8-16V MTA-5,"marca compatível; ano PBEV igual ao ano-modelo FIPE; família comercial textual compatível: ADVENTURE, PALIO; designação comercial exata; modelo/família compatível; combustível flex compatível; versão/acabamento compatível; motor compatível; transmissão compatível",alto,True
STRADA ADVENTURE,exato,2012 | FIAT | STRADA | ADVENTURE | 1 8 16V | M-5 | FLEX,FIAT,Strada Adventure 1.8-16V M-5,"marca compatível; ano PBEV igual ao ano-modelo FIPE; família comercial textual compatível: ADVENTURE, STRADA; designação comercial exata; modelo/família compatível; combustível flex compatível; motor compatível; transmissão compatível",alto,True
STRADA ADVENTURE CABINE DUPLA,exato,2012 | FIAT | STRADA | ADVENTURE CABINE DUPLA | 1 8 16V | M-5 | FLEX,FIAT,Strada Adventure Cabine Dupla 1.8-16V M-5,"marca compatível; ano PBEV igual ao ano-modelo FIPE; família comercial textual compatível: ADVENTURE, DUPLA, STRADA; designação comercial exata; modelo/família compatível; combustível flex compatível; motor compatível; transmissão compatível",alto,True
STRADA ADVENTURE C DUPLA DUALOGIC,exato,2012 | FIAT | STRADA | ADVENTURE C DUPLA DUALOGIC | 1 8 16V | MTA-5 | FLEX,FIAT,Strada Adventure C Dupla Dualogic 1.8-16V MTA-5,"marca compatível; ano PBEV igual ao ano-modelo FIPE; família comercial textual compatível: ADVENTURE, DUPLA, STRADA; designação comercial exata; modelo/família compatível; combustível flex compatível; versão/acabamento compatível; motor compatível; transmissão compatível",alto,True
NEW ECOSPORT S,exato,2012 | FORD | NEW ECOSPORT | S | 1 6 16V | M-5 | FLEX,FORD,New Ecosport S 1.6-16V M-5,marca compatível; ano PBEV igual ao ano-modelo FIPE; família comercial textual compatível: ECOSPORT; designação comercial exata; modelo/família compatível; combustível flex compatível; versão/acabamento compatível; motor compatível; transmissão compatível,alto,True
NEW ECOSPORT SE,exato,2012 | FORD | NEW ECOSPORT | SE | 1 6 16V | M-5 | FLEX,FORD,New Ecosport SE 1.6-16V M-5,marca compatível; ano PBEV igual ao ano-modelo FIPE; família comercial textual compatível: ECOSPORT; designação comercial exata; modelo/família compatível; combustível flex compatível; versão/acabamento compatível; motor compatível; transmissão compatível,alto,True
NEW ECOSPORT FREESTYLE,conservador_por_familia,2012 | FORD | NEW ECOSPORT | FREESTYLE | 1 6 16V | M-5 | FLEX,FORD,New Ecosport Freestyle 1.6-16V M-5,"marca compatível; ano PBEV igual ao ano-modelo FIPE; família comercial textual compatível: ECOSPORT, FREESTYLE; designação comercial exata; modelo/família compatível; combustível flex compatível; motor compatível; transmissão compatível; candidatos próximos da mesma família resolvidos por critério conservador de consumo",alto,True
NEW ECOSPORT TITANIUM,exato,2012 | FORD | NEW ECOSPORT | TITANIUM | 1 6 16V | M-5 | FLEX,FORD,New Ecosport Titanium 1.6-16V M-5,marca compatível; ano PBEV igual ao ano-modelo FIPE; família comercial textual compatível: ECOSPORT; designação comercial exata; modelo/família compatível; combustível flex compatível; versão/acabamento compatível; motor compatível; transmissão compatível,alto,True
ECOSPORT XL,exato,2012 | FORD | ECOSPORT | XL | 1 6 8V | M-5 | FLEX,FORD,Ecosport XL 1.6-8V M-5,marca compatível; ano PBEV igual ao ano-modelo FIPE; família comercial textual compatível: ECOSPORT; designação comercial exata; modelo/família compatível; combustível flex compatível; versão/acabamento compatível; motor compatível; transmissão compatível,alto,True
ECOSPORT XLS,exato,2012 | FORD | ECOSPORT | XLS | 1 6 8V | M-5 | FLEX,FORD,Ecosport XLS 1.6-8V M-5,marca compatível; ano PBEV igual ao ano-modelo FIPE; família comercial textual compatível: ECOSPORT; designação comercial exata; modelo/família compatível; combustível flex compatível; versão/acabamento compatível; motor compatível; transmissão compatível,alto,True
ECOSPORT XLT,exato,2012 | FORD | ECOSPORT | XLT | 1 6 8V | M-5 | FLEX,FORD,Ecosport XLT 1.6-8V M-5,"marca compatível; ano PBEV igual ao ano-modelo FIPE; família comercial textual compatível: ECOSPORT, XLT; designação comercial exata; modelo/família compatível; combustível flex compatível; motor compatível; transmissão compatível",alto,True
ECOSPORT FREESTYLE,conservador_por_familia,2012 | FORD | ECOSPORT | FREESTYLE | 1 6 8V | M-5 | FLEX,FORD,Ecosport FreeStyle 1.6-8V M-5,"marca compatível; ano PBEV igual ao ano-modelo FIPE; família comercial textual compatível: ECOSPORT, FREESTYLE; designação comercial exata; modelo/família compatível; combustível flex compatível; motor compatível; transmissão compatível; candidatos próximos da mesma família resolvidos por critério conservador de consumo",alto,True
ECOSPORT XLT,exato,2012 | FORD | ECOSPORT | XLT | 2 0 16V | M-5 | FLEX,FORD,Ecosport XLT 2.0-16V M-5,"marca compatível; ano PBEV igual ao ano-modelo FIPE; família comercial textual compatível: ECOSPORT, XLT; designação comercial exata; modelo/família compatível; combustível flex compatível; motor compatível; transmissão compatível",alto,True
ECOSPORT FREESTYLE,exato,2012 | FORD | ECOSPORT | FREESTYLE | 2 0 16V | M-5 | FLEX,FORD,Ecosport FreeStyle 2.0-16V M-5,"marca compatível; ano PBEV igual ao ano-modelo FIPE; família comercial textual compatível: ECOSPORT, FREESTYLE; designação comercial exata; modelo/família compatível; combustível flex compatível; motor compatível; transmissão compatível",alto,True
ECOSPORT XLT,exato,2012 | FORD | ECOSPORT | XLT | 2 0 16V | A-4 | FLEX,FORD,Ecosport XLT 2.0-16V A-4,"marca compatível; ano PBEV igual ao ano-modelo FIPE; família comercial textual compatível: ECOSPORT, XLT; designação comercial exata; modelo/família compatível; combustível flex compatível; motor compatível; transmissão compatível",alto,True
ECOSPORT FREESTYLE,exato,2012 | FORD | ECOSPORT | FREESTYLE | 2 0 16V | A-4 | FLEX,FORD,Ecosport FreeStyle 2.0-16V A-4,"marca compatível; ano PBEV igual ao ano-modelo FIPE; família comercial textual compatível: ECOSPORT, FREESTYLE; designação comercial exata; modelo/família compatível; combustível flex compatível; motor compatível; transmissão compatível",alto,True
SPORTAGE EX,exato,2012 | KIA | SPORTAGE | EX | 2 0 16V | M-6 | FLEX,KIA,Sportage EX 2.0-16V M-6,marca compatível; ano PBEV igual ao ano-modelo FIPE; família comercial textual compatível: SPORTAGE; designação comercial exata; modelo/família compatível; combustível flex compatível; versão/acabamento compatível; motor compatível; transmissão compatível,alto,True
SPORTAGE LX,exato,2012 | KIA | SPORTAGE | LX | 2 0 16V | M-6 | FLEX,KIA,Sportage LX 2.0-16V M-6,marca compatível; ano PBEV igual ao ano-modelo FIPE; família comercial textual compatível: SPORTAGE; designação comercial exata; modelo/família compatível; combustível flex compatível; versão/acabamento compatível; motor compatível; transmissão compatível,alto,True
SPORTAGE EX,exato,2012 | KIA | SPORTAGE | EX | 2 0 16V | A-6 | FLEX,KIA,Sportage EX 2.0-16V A-6,marca compatível; ano PBEV igual ao ano-modelo FIPE; família comercial textual compatível: SPORTAGE; designação comercial exata; modelo/família compatível; combustível flex compatível; versão/acabamento compatível; motor compatível; transmissão compatível,alto,True
SPORTAGE LX,exato,2012 | KIA | SPORTAGE | LX | 2 0 16V | A-6 | FLEX,KIA,Sportage LX 2.0-16V A-6,marca compatível; ano PBEV igual ao ano-modelo FIPE; família comercial textual compatível: SPORTAGE; designação comercial exata; modelo/família compatível; combustível flex compatível; versão/acabamento compatível; motor compatível; transmissão compatível,alto,True
DUSTER DYNAMIQUE 4X2,exato,2012 | RENAULT | DUSTER | DYNAMIQUE 4X2 | 2 0 16V | M-6 | FLEX,RENAULT,Duster Dynamique 4x2 2.0-16V M-6,"marca compatível; ano PBEV igual ao ano-modelo FIPE; família comercial textual compatível: DUSTER, DYNAMIQUE; designação comercial exata; modelo/família compatível; combustível flex compatível; versão/acabamento compatível; motor compatível; transmissão compatível",alto,True
DOBLO ESSENCE,exato,2012 | FIAT | DOBLO | ESSENCE | 1 8 16V | M-5 | FLEX,FIAT,Doblo Essence 1.8-16V M-5,"marca compatível; ano PBEV igual ao ano-modelo FIPE; família comercial textual compatível: DOBLO, ESSENCE; designação comercial exata; modelo/família compatível; combustível flex compatível; motor compatível; transmissão compatível",alto,True
ECOSPORT 4WD,exato,2012 | FORD | ECOSPORT | 4WD | 2 0 16V | M-5 | FLEX,FORD,Ecosport 4WD 2.0-16V M-5,marca compatível; ano PBEV igual ao ano-modelo FIPE; token forte de modelo compatível: 4WD; designação comercial exata; modelo/família compatível; combustível flex compatível; motor compatível; transmissão compatível,alto,True
SORENTO EX2 G17,exato,2012 | KIA | SORENTO | EX2 G17 | 2 4 16V | A-6 | GASOLINA,KIA,Sorento EX2 G17 2.4-16V A-6,"marca compatível; ano PBEV igual ao ano-modelo FIPE; token forte de modelo compatível: EX2, G17; designação comercial exata; modelo/família compatível; combustível gasolina compatível; motor compatível; transmissão compatível",alto,True
SORENTO LX2 G17,exato,2012 | KIA | SORENTO | LX2 G17 | 2 4 16V | A-6 | GASOLINA,KIA,Sorento LX2 G17 2.4-16V A-6,"marca compatível; ano PBEV igual ao ano-modelo FIPE; token forte de modelo compatível: G17, LX2; designação comercial exata; modelo/família compatível; combustível gasolina compatível; motor compatível; transmissão compatível",alto,True
DUSTER DYNAMIQUE 4X4,exato,2012 | RENAULT | DUSTER | DYNAMIQUE 4X4 | 2 0 16V | M-6 | FLEX,RENAULT,Duster Dynamique 4x4 2.0-16V M-6,"marca compatível; ano PBEV igual ao ano-modelo FIPE; família comercial textual compatível: DUSTER, DYNAMIQUE; designação comercial exata; modelo/família compatível; combustível flex compatível; versão/acabamento compatível; motor compatível; transmissão compatível",alto,True
RAV4 -,exato,2012 | TOYOTA | RAV4 |  | 2 4 16V | A-4 | GASOLINA,TOYOTA,Rav4 - 2.4-16V A-4,marca compatível; ano PBEV igual ao ano-modelo FIPE; token forte de modelo compatível: RAV4; designação comercial exata; modelo/família compatível; combustível gasolina compatível; motor compatível; transmissão compatível,alto,True
DOBLO CARGO,exato,2012 | FIAT | DOBLO | CARGO | 1 4 8V | M-5 | FLEX,FIAT,Doblo Cargo 1.4-8V M-5,"marca compatível; ano PBEV igual ao ano-modelo FIPE; família comercial textual compatível: CARGO, DOBLO; designação comercial exata; modelo/família compatível; combustível flex compatível; motor compatível; transmissão compatível",alto,True
RANGER CABINE SIMPLES,exato,2012 | FORD | RANGER | CABINE SIMPLES | 2 3 16V | M-5 | GASOLINA,FORD,Ranger Cabine Simples 2.3-16V M-5,"marca compatível; ano PBEV igual ao ano-modelo FIPE; família comercial textual compatível: RANGER, SIMPLES; designação comercial exata; modelo/família compatível; combustível gasolina compatível; motor compatível; transmissão compatível",alto,True
RANGER CABINE DUPLA,exato,2012 | FORD | RANGER | CABINE DUPLA | 2 3 16V | M-5 | GASOLINA,FORD,Ranger Cabine Dupla 2.3-16V M-5,"marca compatível; ano PBEV igual ao ano-modelo FIPE; família comercial textual compatível: DUPLA, RANGER; designação comercial exata; modelo/família compatível; combustível gasolina compatível; motor compatível; transmissão compatível",alto,True
KANGOO EXPRESS,exato,2012 | RENAULT | KANGOO | EXPRESS | 1 6 16V | M-5 | FLEX,RENAULT,Kangoo Express 1.6-16V M-5,"marca compatível; ano PBEV igual ao ano-modelo FIPE; família comercial textual compatível: EXPRESS, KANGOO; designação comercial exata; modelo/família compatível; combustível flex compatível; motor compatível; transmissão compatível",alto,True
KOMBI STANDARD,exato,2012 | VOLKSWAGEN | KOMBI | STANDARD | 1 4 8V | M-4 | FLEX,VOLKSWAGEN,Kombi Standard 1.4-8V M-4,"marca compatível; ano PBEV igual ao ano-modelo FIPE; família comercial textual compatível: KOMBI, STANDARD; designação comercial exata; modelo/família compatível; combustível flex compatível; motor compatível; transmissão compatível",alto,True
KOMBI FURGÃO,exato,2012 | VOLKSWAGEN | KOMBI | FURGAO | 1 4 8V | M-4 | FLEX,VOLKSWAGEN,Kombi Furgão 1.4-8V M-4,marca compatível; ano PBEV igual ao ano-modelo FIPE; família comercial textual compatível: KOMBI; carroceria compatível; designação comercial exata; modelo/família compatível; combustível flex compatível; motor compatível; transmissão compatível,alto,True
KOMBI ESCOLAR,exato,2012 | VOLKSWAGEN | KOMBI | ESCOLAR | 1 4 8V | M-4 | FLEX,VOLKSWAGEN,Kombi Escolar 1.4-8V M-4,"marca compatível; ano PBEV igual ao ano-modelo FIPE; família comercial textual compatível: ESCOLAR, KOMBI; designação comercial exata; modelo/família compatível; combustível flex compatível; motor compatível; transmissão compatível",alto,True
KOMBI LOTAÇÃO,exato,2012 | VOLKSWAGEN | KOMBI | LOTACAO | 1 4 8V | M-4 | FLEX,VOLKSWAGEN,Kombi Lotação 1.4-8V M-4,"marca compatível; ano PBEV igual ao ano-modelo FIPE; família comercial textual compatível: KOMBI, LOTACAO; designação comercial exata; modelo/família compatível; combustível flex compatível; motor compatível; transmissão compatível",alto,True
KOMBI AMBULÂNCIA,exato,2012 | VOLKSWAGEN | KOMBI | AMBULANCIA | 1 4 8V | M-4 | FLEX,VOLKSWAGEN,Kombi Ambulância 1.4-8V M-4,"marca compatível; ano PBEV igual ao ano-modelo FIPE; família comercial textual compatível: AMBULANCIA, KOMBI; designação comercial exata; modelo/família compatível; combustível flex compatível; motor compatível; transmissão compatível",alto,True
FIORINO FURGÃO,exato,2012 | FIAT | FIORINO | FURGAO | 1 3 8V | M-5 | FLEX,FIAT,Fiorino Furgão 1.3-8V M-5,marca compatível; ano PBEV igual ao ano-modelo FIPE; família comercial textual compatível: FIORINO; carroceria compatível; designação comercial exata; modelo/família compatível; combustível flex compatível; motor compatível; transmissão compatível,alto,True
STRADA FIRE,exato,2012 | FIAT | STRADA | FIRE | 1 4 8V | M-5 | FLEX,FIAT,Strada Fire 1.4-8V M-5,marca compatível; ano PBEV igual ao ano-modelo FIPE; família comercial textual compatível: STRADA; designação comercial exata; modelo/família compatível; combustível flex compatível; versão/acabamento compatível; motor compatível; transmissão compatível,alto,True
STRADA FIRE CABINE ESTENDIDA,exato,2012 | FIAT | STRADA | FIRE CABINE ESTENDIDA | 1 4 8V | M-5 | FLEX,FIAT,Strada Fire Cabine Estendida 1.4-8V M-5,"marca compatível; ano PBEV igual ao ano-modelo FIPE; família comercial textual compatível: ESTENDIDA, STRADA; designação comercial exata; modelo/família compatível; combustível flex compatível; versão/acabamento compatível; motor compatível; transmissão compatível",alto,True
STRADA TREKKING,exato,2012 | FIAT | STRADA | TREKKING | 1 4 8V | M-5 | FLEX,FIAT,Strada Trekking 1.4-8V M-5,"marca compatível; ano PBEV igual ao ano-modelo FIPE; família comercial textual compatível: STRADA, TREKKING; designação comercial exata; modelo/família compatível; combustível flex compatível; motor compatível; transmissão compatível",alto,True
STRADA TREKKING CABINE ESTENDIDA,exato,2012 | FIAT | STRADA | TREKKING CABINE ESTENDIDA | 1 4 8V | M-5 | FLEX,FIAT,Strada Trekking Cabine Estendida 1.4-8V M-5,"marca compatível; ano PBEV igual ao ano-modelo FIPE; família comercial textual compatível: ESTENDIDA, STRADA, TREKKING; designação comercial exata; modelo/família compatível; combustível flex compatível; motor compatível; transmissão compatível",alto,True
COURRIER L,exato,2012 | FORD | COURRIER | L | 1 6 8V | M-5 | FLEX,FORD,Courrier L 1.6-8V M-5,marca compatível; ano PBEV igual ao ano-modelo FIPE; família comercial textual compatível: COURRIER; designação comercial exata; modelo/família compatível; combustível flex compatível; motor compatível; transmissão compatível,alto,True
COURRIER XL,exato,2012 | FORD | COURRIER | XL | 1 6 8V | M-5 | FLEX,FORD,Courrier XL 1.6-8V M-5,marca compatível; ano PBEV igual ao ano-modelo FIPE; família comercial textual compatível: COURRIER; designação comercial exata; modelo/família compatível; combustível flex compatível; versão/acabamento compatível; motor compatível; transmissão compatível,alto,True
SAVEIRO CABINE SIMPLES,exato,2012 | VOLKSWAGEN | SAVEIRO | CABINE SIMPLES | 1 6 8V | M-5 | FLEX,VOLKSWAGEN,Saveiro Cabine Simples 1.6-8V M-5,"marca compatível; ano PBEV igual ao ano-modelo FIPE; família comercial textual compatível: SAVEIRO, SIMPLES; designação comercial exata; modelo/família compatível; combustível flex compatível; motor compatível; transmissão compatível",alto,True
SAVEIRO CABINE SIMPLES TROOPER,exato,2012 | VOLKSWAGEN | SAVEIRO | CABINE SIMPLES TROOPER | 1 6 8V | M-5 | FLEX,VOLKSWAGEN,Saveiro Cabine Simples Trooper 1.6-8V M-5,"marca compatível; ano PBEV igual ao ano-modelo FIPE; família comercial textual compatível: SAVEIRO, SIMPLES, TROOPER; designação comercial exata; modelo/família compatível; combustível flex compatível; motor compatível; transmissão compatível",alto,True
SAVEIRO CABINE ESTENDIDA,exato,2012 | VOLKSWAGEN | SAVEIRO | CABINE ESTENDIDA | 1 6 8V | M-5 | FLEX,VOLKSWAGEN,Saveiro Cabine Estendida 1.6-8V M-5,"marca compatível; ano PBEV igual ao ano-modelo FIPE; família comercial textual compatível: ESTENDIDA, SAVEIRO; designação comercial exata; modelo/família compatível; combustível flex compatível; motor compatível; transmissão compatível",alto,True
SAVEIRO CABINE ESTENDIDA TROOPER,exato,2012 | VOLKSWAGEN | SAVEIRO | CABINE ESTENDIDA TROOPER | 1 6 8V | M-5 | FLEX,VOLKSWAGEN,Saveiro Cabine Estendida Trooper 1.6-8V M-5,"marca compatível; ano PBEV igual ao ano-modelo FIPE; família comercial textual compatível: ESTENDIDA, SAVEIRO, TROOPER; designação comercial exata; modelo/família compatível; combustível flex compatível; motor compatível; transmissão compatível",alto,True
"QQ 1,0",exato,2013 | CHERY | QQ | 1 0 | 1 0 12V | M-5 | GASOLINA,CHERY,"QQ 1,0 1.0-12V M-5",marca compatível; ano PBEV igual ao ano-modelo FIPE; modelo/família compatível; combustível gasolina compatível; motor compatível; transmissão compatível,alto,True
"FACE 1,3 FLEX",exato,2013 | CHERY | FACE | 1 3 FLEX | 1 3 16V | M-5 | FLEX,CHERY,"Face 1,3 Flex 1.3-16V M-5",marca compatível; ano PBEV igual ao ano-modelo FIPE; família comercial textual compatível: FACE; designação comercial exata; modelo/família compatível; combustível flex compatível; motor compatível; transmissão compatível,alto,True
UNO MILLE FIRE ECONOMY 2 PORTAS,versoes_equivalentes,2013 | FIAT | UNO | MILLE FIRE ECONOMY 2 PORTAS | 1 0 8V | M-5 | FLEX,FIAT,Uno Mille Fire Economy 2 Portas 1.0-8V M-5,"marca compatível; ano PBEV igual ao ano-modelo FIPE; família comercial textual compatível: ECONOMY, MILLE, UNO; designação comercial exata; modelo/família compatível; combustível flex compatível; versão/acabamento compatível; motor compatível; transmissão compatível; candidatos próximos têm o mesmo consumo aplicável; ambiguidade não bloqueia",alto,True
UNO MILLE FIRE ECONOMY 2 PORTAS,versoes_equivalentes,2013 | FIAT | UNO | MILLE FIRE ECONOMY 4 PORTAS | 1 0 8V | M-5 | FLEX,FIAT,Uno Mille Fire Economy 4 Portas 1.0-8V M-5,"marca compatível; ano PBEV igual ao ano-modelo FIPE; família comercial textual compatível: ECONOMY, MILLE, UNO; designação comercial exata; modelo/família compatível; combustível flex compatível; versão/acabamento compatível; motor compatível; transmissão compatível; candidatos próximos têm o mesmo consumo aplicável; ambiguidade não bloqueia",alto,True
UNO MILLE WAY ECONOMY 2 PORTAS,versoes_equivalentes,2013 | FIAT | UNO | MILLE WAY ECONOMY 2 PORTAS | 1 0 8V | M-5 | FLEX,FIAT,Uno Mille Way Economy 2 Portas 1.0-8V M-5,"marca compatível; ano PBEV igual ao ano-modelo FIPE; família comercial textual compatível: ECONOMY, MILLE, UNO, WAY; designação comercial exata; modelo/família compatível; combustível flex compatível; motor compatível; transmissão compatível; candidatos próximos têm o mesmo consumo aplicável; ambiguidade não bloqueia",alto,True
UNO MILLE WAY ECONOMY 2 PORTAS,versoes_equivalentes,2013 | FIAT | UNO | MILLE WAY ECONOMY 4 PORTAS | 1 0 8V | M-5 | FLEX,FIAT,Uno Mille Way Economy 4 Portas 1.0-8V M-5,"marca compatível; ano PBEV igual ao ano-modelo FIPE; família comercial textual compatível: ECONOMY, MILLE, UNO, WAY; designação comercial exata; modelo/família compatível; combustível flex compatível; motor compatível; transmissão compatível; candidatos próximos têm o mesmo consumo aplicável; ambiguidade não bloqueia",alto,True
NOVO UNO ECONOMY EVO 2 PORTAS,versoes_equivalentes,2013 | FIAT | NOVO UNO | ECONOMY EVO 2 PORTAS | 1 4 8V | M-5 | FLEX,FIAT,Novo Uno Economy Evo 2 portas 1.4-8V M-5,"marca compatível; ano PBEV igual ao ano-modelo FIPE; família comercial textual compatível: ECONOMY, UNO; designação comercial exata; modelo/família compatível; combustível flex compatível; versão/acabamento compatível; motor compatível; transmissão compatível; candidatos próximos têm o mesmo consumo aplicável; ambiguidade não bloqueia",alto,True
NOVO UNO ECONOMY EVO 2 PORTAS,versoes_equivalentes,2013 | FIAT | NOVO UNO | ECONOMY EVO 4 PORTAS | 1 4 8V | M-5 | FLEX,FIAT,Novo Uno Economy Evo 4 portas 1.4-8V M-5,"marca compatível; ano PBEV igual ao ano-modelo FIPE; família comercial textual compatível: ECONOMY, UNO; designação comercial exata; modelo/família compatível; combustível flex compatível; versão/acabamento compatível; motor compatível; transmissão compatível; candidatos próximos têm o mesmo consumo aplicável; ambiguidade não bloqueia",alto,True
NOVO UNO VIVACE EVO 2 PORTAS,versoes_equivalentes,2013 | FIAT | NOVO UNO | VIVACE EVO 2 PORTAS | 1 0 8V | M-5 | FLEX,FIAT,Novo Uno Vivace Evo 2 portas 1.0-8V M-5,"marca compatível; ano PBEV igual ao ano-modelo FIPE; família comercial textual compatível: UNO, VIVACE; designação comercial exata; modelo/família compatível; combustível flex compatível; versão/acabamento compatível; motor compatível; transmissão compatível; candidatos próximos têm o mesmo consumo aplicável; ambiguidade não bloqueia",alto,True
NOVO UNO VIVACE EVO 2 PORTAS,versoes_equivalentes,2013 | FIAT | NOVO UNO | VIVACE EVO 4 PORTAS | 1 0 8V | M-5 | FLEX,FIAT,Novo Uno Vivace Evo 4 portas 1.0-8V M-5,"marca compatível; ano PBEV igual ao ano-modelo FIPE; família comercial textual compatível: UNO, VIVACE; designação comercial exata; modelo/família compatível; combustível flex compatível; versão/acabamento compatível; motor compatível; transmissão compatível; candidatos próximos têm o mesmo consumo aplicável; ambiguidade não bloqueia",alto,True
NOVO UNO SPORTING 2 PORTAS,versoes_equivalentes,2013 | FIAT | NOVO UNO | SPORTING 2 PORTAS | 1 4 8V | M-5 | FLEX,FIAT,Novo Uno Sporting 2 portas 1.4-8V M-5,"marca compatível; ano PBEV igual ao ano-modelo FIPE; família comercial textual compatível: SPORTING, UNO; designação comercial exata; modelo/família compatível; combustível flex compatível; motor compatível; transmissão compatível; candidatos próximos têm o mesmo consumo aplicável; ambiguidade não bloqueia",alto,True
NOVO UNO SPORTING 2 PORTAS,versoes_equivalentes,2013 | FIAT | NOVO UNO | SPORTING 4 PORTAS | 1 4 8V | M-5 | FLEX,FIAT,Novo Uno Sporting 4 portas 1.4-8V M-5,"marca compatível; ano PBEV igual ao ano-modelo FIPE; família comercial textual compatível: SPORTING, UNO; designação comercial exata; modelo/família compatível; combustível flex compatível; motor compatível; transmissão compatível; candidatos próximos têm o mesmo consumo aplicável; ambiguidade não bloqueia",alto,True
PALIO FIRE ECONOMY 2 PORTAS,versoes_equivalentes,2013 | FIAT | PALIO | FIRE ECONOMY 2 PORTAS | 1 0 8V | M-5 | FLEX,FIAT,Palio Fire Economy 2 Portas 1.0-8V M-5,"marca compatível; ano PBEV igual ao ano-modelo FIPE; família comercial textual compatível: ECONOMY, PALIO; designação comercial exata; modelo/família compatível; combustível flex compatível; versão/acabamento compatível; motor compatível; transmissão compatível; candidatos próximos têm o mesmo consumo aplicável; ambiguidade não bloqueia",alto,True
PALIO FIRE ECONOMY 2 PORTAS,versoes_equivalentes,2013 | FIAT | PALIO | FIRE ECONOMY 4 PORTAS | 1 0 8V | M-5 | FLEX,FIAT,Palio Fire Economy 4 Portas 1.0-8V M-5,"marca compatível; ano PBEV igual ao ano-modelo FIPE; família comercial textual compatível: ECONOMY, PALIO; designação comercial exata; modelo/família compatível; combustível flex compatível; versão/acabamento compatível; motor compatível; transmissão compatível; candidatos próximos têm o mesmo consumo aplicável; ambiguidade não bloqueia",alto,True
500 CULT,exato,2013 | FIAT | 500 | CULT | 1 4 8V | M-5 | FLEX,FIAT,500 Cult 1.4-8V M-5,marca compatível; ano PBEV igual ao ano-modelo FIPE; token forte de modelo compatível: 500; designação comercial exata; número/modelo compatível; modelo/família compatível; combustível flex compatível; versão/acabamento compatível; motor compatível; transmissão compatível,alto,True
500 CULT DUALOGIC,exato,2013 | FIAT | 500 | CULT DUALOGIC | 1 4 8V | MTA-5 | FLEX,FIAT,500 Cult Dualogic 1.4-8V MTA-5,marca compatível; ano PBEV igual ao ano-modelo FIPE; token forte de modelo compatível: 500; designação comercial exata; número/modelo compatível; modelo/família compatível; combustível flex compatível; versão/acabamento compatível; motor compatível; transmissão compatível,alto,True
500 SPORT AIR,exato,2013 | FIAT | 500 | SPORT AIR | 1 4 16V | M-5 | FLEX,FIAT,500 Sport Air 1.4-16V M-5,marca compatível; ano PBEV igual ao ano-modelo FIPE; token forte de modelo compatível: 500; designação comercial exata; número/modelo compatível; modelo/família compatível; combustível flex compatível; versão/acabamento compatível; motor compatível; transmissão compatível,alto,True
KA FLY,exato,2013 | FORD | KA | FLY | 1 0 8V | M-5 | FLEX,FORD,Ka Fly 1.0-8V M-5,marca compatível; ano PBEV igual ao ano-modelo FIPE; família comercial textual compatível: FLY; designação comercial exata; modelo/família compatível; combustível flex compatível; motor compatível; transmissão compatível,alto,True
KA PULSE,exato,2013 | FORD | KA | PULSE | 1 0 8V | M-5 | FLEX,FORD,Ka Pulse 1.0-8V M-5,marca compatível; ano PBEV igual ao ano-modelo FIPE; designação comercial exata; modelo/família compatível; combustível flex compatível; versão/acabamento compatível; motor compatível; transmissão compatível,alto,True
KA CLASS,exato,2013 | FORD | KA | CLASS | 1 0 8V | M-5 | FLEX,FORD,Ka Class 1.0-8V M-5,marca compatível; ano PBEV igual ao ano-modelo FIPE; designação comercial exata; modelo/família compatível; combustível flex compatível; versão/acabamento compatível; motor compatível; transmissão compatível,alto,True
2 MT,exato,2013 | HAIMA | 2 | MT | 1 3 16V | M-5 | GASOLINA,HAIMA,2 MT 1.3-16V M-5,marca compatível; ano PBEV igual ao ano-modelo FIPE; modelo/família compatível; combustível gasolina compatível; motor compatível; transmissão compatível,alto,True
PICANTO EX4,exato,2013 | KIA | PICANTO | EX4 | 1 0 12V | M-5 | FLEX,KIA,Picanto EX4 1.0-12V M-5,marca compatível; ano PBEV igual ao ano-modelo FIPE; token forte de modelo compatível: EX4; designação comercial exata; modelo/família compatível; combustível flex compatível; motor compatível; transmissão compatível,alto,True
PICANTO LX4,exato,2013 | KIA | PICANTO | LX4 | 1 0 12V | M-5 | FLEX,KIA,Picanto LX4 1.0-12V M-5,marca compatível; ano PBEV igual ao ano-modelo FIPE; token forte de modelo compatível: LX4; designação comercial exata; modelo/família compatível; combustível flex compatível; motor compatível; transmissão compatível,alto,True
PICANTO EX4,exato,2013 | KIA | PICANTO | EX4 | 1 0 12V | A-4 | FLEX,KIA,Picanto EX4 1.0-12V A-4,marca compatível; ano PBEV igual ao ano-modelo FIPE; token forte de modelo compatível: EX4; designação comercial exata; modelo/família compatível; combustível flex compatível; motor compatível; transmissão compatível,alto,True
PICANTO LX4,exato,2013 | KIA | PICANTO | LX4 | 1 0 12V | A-4 | FLEX,KIA,Picanto LX4 1.0-12V A-4,marca compatível; ano PBEV igual ao ano-modelo FIPE; token forte de modelo compatível: LX4; designação comercial exata; modelo/família compatível; combustível flex compatível; motor compatível; transmissão compatível,alto,True
MARCH 10S,exato,2013 | NISSAN | MARCH | 10S | 1 0 16V | M-5 | FLEX,NISSAN,March 10S 1.0-16V M-5,marca compatível; ano PBEV igual ao ano-modelo FIPE; token forte de modelo compatível: 10S; designação comercial exata; modelo/família compatível; combustível flex compatível; motor compatível; transmissão compatível,alto,True
FORTWO MHD 71CV COUPÉ,exato,2013 | SMART | FORTWO | MHD 71CV COUPE | 1 0 12V | MTA-5 | GASOLINA,SMART,fortwo mhd 71cv Coupé 1.0-12V MTA-5,"marca compatível; ano PBEV igual ao ano-modelo FIPE; família comercial textual compatível: COUPE, FORTWO, MHD; designação comercial exata; modelo/família compatível; combustível gasolina compatível; motor compatível; transmissão compatível",alto,True
FORTWO TURBO 84CV COUPÊ,exato,2013 | SMART | FORTWO | TURBO 84CV COUPE | 1 0 12V | MTA-5 | GASOLINA,SMART,fortwo Turbo 84cv Coupê 1.0-12V MTA-5,"marca compatível; ano PBEV igual ao ano-modelo FIPE; família comercial textual compatível: COUPE, FORTWO; designação comercial exata; modelo/família compatível; combustível gasolina compatível; motor compatível; transmissão compatível",alto,True
FORTWO TURBO 84CV CABRIO,exato,2013 | SMART | FORTWO | TURBO 84CV CABRIO | 1 0 12V | MTA-5 | GASOLINA,SMART,fortwo Turbo 84cv Cabrio 1.0-12V MTA-5,marca compatível; ano PBEV igual ao ano-modelo FIPE; família comercial textual compatível: FORTWO; carroceria compatível; designação comercial exata; modelo/família compatível; combustível gasolina compatível; motor compatível; transmissão compatível,alto,True
C3 ORIGINE,exato,2013 | CITROEN | C3 | ORIGINE | 1 5 8V | M-5 | FLEX,CITROEN,C3 Origine 1.5-8V M-5,marca compatível; ano PBEV igual ao ano-modelo FIPE; token forte de modelo compatível: C3; designação comercial exata; modelo/família compatível; combustível flex compatível; motor compatível; transmissão compatível,alto,True
C3 TENDANCE,exato,2013 | CITROEN | C3 | TENDANCE | 1 5 8V | M-5 | FLEX,CITROEN,C3 Tendance 1.5-8V M-5,marca compatível; ano PBEV igual ao ano-modelo FIPE; token forte de modelo compatível: C3; designação comercial exata; modelo/família compatível; combustível flex compatível; motor compatível; transmissão compatível,alto,True
C3 EXCLUSIVE,exato,2013 | CITROEN | C3 | EXCLUSIVE | 1 6 16V | M-5 | FLEX,CITROEN,C3 Exclusive 1.6-16V M-5,marca compatível; ano PBEV igual ao ano-modelo FIPE; token forte de modelo compatível: C3; designação comercial exata; modelo/família compatível; combustível flex compatível; versão/acabamento compatível; motor compatível; transmissão compatível,alto,True
DS3 THP SPORT CHIC,exato,2013 | CITROEN | DS3 | THP SPORT CHIC | 1 6 16V | M-6 | GASOLINA,CITROEN,DS3 THP Sport Chic 1.6-16V M-6,marca compatível; ano PBEV igual ao ano-modelo FIPE; token forte de modelo compatível: DS3; designação comercial exata; modelo/família compatível; combustível gasolina compatível; versão/acabamento compatível; motor compatível; transmissão compatível,alto,True
SIENA EL,exato,2013 | FIAT | SIENA | EL | 1 0 8V | M-5 | FLEX,FIAT,Siena EL 1.0-8V M-5,marca compatível; ano PBEV igual ao ano-modelo FIPE; família comercial textual compatível: SIENA; designação comercial exata; modelo/família compatível; combustível flex compatível; versão/acabamento compatível; motor compatível; transmissão compatível,alto,True
SIENA EL,exato,2013 | FIAT | SIENA | EL | 1 4 8V | M-5 | FLEX,FIAT,Siena EL 1.4-8V M-5,marca compatível; ano PBEV igual ao ano-modelo FIPE; família comercial textual compatível: SIENA; designação comercial exata; modelo/família compatível; combustível flex compatível; versão/acabamento compatível; motor compatível; transmissão compatível,alto,True
NOVO PALIO ATTRACTIVE,exato,2013 | FIAT | NOVO PALIO | ATTRACTIVE | 1 0 8V | M-5 | FLEX,FIAT,Novo Palio Attractive 1.0-8V M-5,"marca compatível; ano PBEV igual ao ano-modelo FIPE; família comercial textual compatível: ATTRACTIVE, PALIO; designação comercial exata; modelo/família compatível; combustível flex compatível; motor compatível; transmissão compatível",alto,True
NOVO PALIO ATTRACTIVE,exato,2013 | FIAT | NOVO PALIO | ATTRACTIVE | 1 4 8V | M-5 | FLEX,FIAT,Novo Palio Attractive 1.4-8V M-5,"marca compatível; ano PBEV igual ao ano-modelo FIPE; família comercial textual compatível: ATTRACTIVE, PALIO; designação comercial exata; modelo/família compatível; combustível flex compatível; motor compatível; transmissão compatível",alto,True
PUNTO ATTRACTIVE EVO,exato,2013 | FIAT | PUNTO | ATTRACTIVE EVO | 1 4 8V | M-5 | FLEX,FIAT,Punto Attractive Evo 1.4-8V M-5,"marca compatível; ano PBEV igual ao ano-modelo FIPE; família comercial textual compatível: ATTRACTIVE, PUNTO; designação comercial exata; modelo/família compatível; combustível flex compatível; versão/acabamento compatível; motor compatível; transmissão compatível",alto,True
FIESTA HATCH SE,exato,2013 | FORD | FIESTA HATCH | SE | 1 6 16V | M-5 | FLEX,FORD,Fiesta Hatch SE 1.6-16V M-5,marca compatível; ano PBEV igual ao ano-modelo FIPE; família comercial textual compatível: FIESTA; carroceria compatível; designação comercial exata; modelo/família compatível; combustível flex compatível; versão/acabamento compatível; motor compatível; transmissão compatível,alto,True
FIESTA HATCH TITANIUM,exato,2013 | FORD | FIESTA HATCH | TITANIUM | 1 6 16V | M-5 | FLEX,FORD,Fiesta Hatch Titanium 1.6-16V M-5,marca compatível; ano PBEV igual ao ano-modelo FIPE; família comercial textual compatível: FIESTA; carroceria compatível; designação comercial exata; modelo/família compatível; combustível flex compatível; versão/acabamento compatível; motor compatível; transmissão compatível,alto,True
FIESTA HATCH SE,exato,2013 | FORD | FIESTA HATCH | SE | 1 6 16V | DCT-6 | FLEX,FORD,Fiesta Hatch SE 1.6-16V DCT-6,marca compatível; ano PBEV igual ao ano-modelo FIPE; família comercial textual compatível: FIESTA; carroceria compatível; designação comercial exata; modelo/família compatível; combustível flex compatível; versão/acabamento compatível; motor compatível; transmissão compatível,alto,True
FIESTA HATCH TITANIUM,exato,2013 | FORD | FIESTA HATCH | TITANIUM | 1 6 16V | DCT-6 | FLEX,FORD,Fiesta Hatch Titanium 1.6-16V DCT-6,marca compatível; ano PBEV igual ao ano-modelo FIPE; família comercial textual compatível: FIESTA; carroceria compatível; designação comercial exata; modelo/família compatível; combustível flex compatível; versão/acabamento compatível; motor compatível; transmissão compatível,alto,True
FIESTA HATCH S,exato,2013 | FORD | FIESTA HATCH | S | 1 5 16V | M-5 | FLEX,FORD,Fiesta Hatch S 1.5-16V M-5,marca compatível; ano PBEV igual ao ano-modelo FIPE; família comercial textual compatível: FIESTA; carroceria compatível; designação comercial exata; modelo/família compatível; combustível flex compatível; versão/acabamento compatível; motor compatível; transmissão compatível,alto,True
FIESTA HATCH SE,exato,2013 | FORD | FIESTA HATCH | SE | 1 5 16V | M-5 | FLEX,FORD,Fiesta Hatch SE 1.5-16V M-5,marca compatível; ano PBEV igual ao ano-modelo FIPE; família comercial textual compatível: FIESTA; carroceria compatível; designação comercial exata; modelo/família compatível; combustível flex compatível; versão/acabamento compatível; motor compatível; transmissão compatível,alto,True
FIT DX,exato,2013 | HONDA | FIT | DX | 1 4 16V | M-5 | FLEX,HONDA,Fit DX 1.4-16V M-5,marca compatível; ano PBEV igual ao ano-modelo FIPE; família comercial textual compatível: FIT; designação comercial exata; modelo/família compatível; combustível flex compatível; versão/acabamento compatível; motor compatível; transmissão compatível,alto,True
FIT LX,exato,2013 | HONDA | FIT | LX | 1 4 16V | M-5 | FLEX,HONDA,Fit LX 1.4-16V M-5,marca compatível; ano PBEV igual ao ano-modelo FIPE; família comercial textual compatível: FIT; designação comercial exata; modelo/família compatível; combustível flex compatível; versão/acabamento compatível; motor compatível; transmissão compatível,alto,True
FIT DX,exato,2013 | HONDA | FIT | DX | 1 4 16V | A-5 | FLEX,HONDA,Fit DX 1.4-16V A-5,marca compatível; ano PBEV igual ao ano-modelo FIPE; família comercial textual compatível: FIT; designação comercial exata; modelo/família compatível; combustível flex compatível; versão/acabamento compatível; motor compatível; transmissão compatível,alto,True
FIT LX,exato,2013 | HONDA | FIT | LX | 1 4 16V | A-5 | FLEX,HONDA,Fit LX 1.4-16V A-5,marca compatível; ano PBEV igual ao ano-modelo FIPE; família comercial textual compatível: FIT; designação comercial exata; modelo/família compatível; combustível flex compatível; versão/acabamento compatível; motor compatível; transmissão compatível,alto,True
FIT EX,exato,2013 | HONDA | FIT | EX | 1 5 16V | M-5 | FLEX,HONDA,Fit EX 1.5-16V M-5,marca compatível; ano PBEV igual ao ano-modelo FIPE; família comercial textual compatível: FIT; designação comercial exata; modelo/família compatível; combustível flex compatível; versão/acabamento compatível; motor compatível; transmissão compatível,alto,True
FIT EXL,exato,2013 | HONDA | FIT | EXL | 1 5 16V | M-5 | FLEX,HONDA,Fit EXL 1.5-16V M-5,marca compatível; ano PBEV igual ao ano-modelo FIPE; família comercial textual compatível: FIT; designação comercial exata; modelo/família compatível; combustível flex compatível; versão/acabamento compatível; motor compatível; transmissão compatível,alto,True
FIT TWIST,exato,2013 | HONDA | FIT | TWIST | 1 5 16V | M-5 | FLEX,HONDA,Fit Twist 1.5-16V M-5,"marca compatível; ano PBEV igual ao ano-modelo FIPE; família comercial textual compatível: FIT, TWIST; designação comercial exata; modelo/família compatível; combustível flex compatível; motor compatível; transmissão compatível",alto,True
FIT EX,exato,2013 | HONDA | FIT | EX | 1 5 16V | A-5 | FLEX,HONDA,Fit EX 1.5-16V A-5,marca compatível; ano PBEV igual ao ano-modelo FIPE; família comercial textual compatível: FIT; designação comercial exata; modelo/família compatível; combustível flex compatível; versão/acabamento compatível; motor compatível; transmissão compatível,alto,True
FIT EXL,exato,2013 | HONDA | FIT | EXL | 1 5 16V | A-5 | FLEX,HONDA,Fit EXL 1.5-16V A-5,marca compatível; ano PBEV igual ao ano-modelo FIPE; família comercial textual compatível: FIT; designação comercial exata; modelo/família compatível; combustível flex compatível; versão/acabamento compatível; motor compatível; transmissão compatível,alto,True
FIT TWIST,exato,2013 | HONDA | FIT | TWIST | 1 5 16V | A-5 | FLEX,HONDA,Fit Twist 1.5-16V A-5,"marca compatível; ano PBEV igual ao ano-modelo FIPE; família comercial textual compatível: FIT, TWIST; designação comercial exata; modelo/família compatível; combustível flex compatível; motor compatível; transmissão compatível",alto,True
HB20 COMFORT,exato,2013 | HYUNDAI | HB20 | COMFORT | 1 0 12V | M-5 | FLEX,HYUNDAI,HB20 Comfort 1.0-12V M-5,marca compatível; ano PBEV igual ao ano-modelo FIPE; token forte de modelo compatível: HB20; designação comercial exata; número/modelo compatível; modelo/família compatível; combustível flex compatível; versão/acabamento compatível; motor compatível; transmissão compatível,alto,True
HB20 COMFORT PLUS,exato,2013 | HYUNDAI | HB20 | COMFORT PLUS | 1 0 12V | M-5 | FLEX,HYUNDAI,HB20 Comfort Plus 1.0-12V M-5,marca compatível; ano PBEV igual ao ano-modelo FIPE; token forte de modelo compatível: HB20; designação comercial exata; número/modelo compatível; modelo/família compatível; combustível flex compatível; versão/acabamento compatível; motor compatível; transmissão compatível,alto,True
HB20 COMFORT STYLE,exato,2013 | HYUNDAI | HB20 | COMFORT STYLE | 1 0 12V | M-5 | FLEX,HYUNDAI,HB20 Comfort Style 1.0-12V M-5,marca compatível; ano PBEV igual ao ano-modelo FIPE; token forte de modelo compatível: HB20; designação comercial exata; número/modelo compatível; modelo/família compatível; combustível flex compatível; versão/acabamento compatível; motor compatível; transmissão compatível,alto,True
HB20 COMFORT,exato,2013 | HYUNDAI | HB20 | COMFORT | 1 6 16V | M-5 | FLEX,HYUNDAI,HB20 Comfort 1.6-16V M-5,marca compatível; ano PBEV igual ao ano-modelo FIPE; token forte de modelo compatível: HB20; designação comercial exata; número/modelo compatível; modelo/família compatível; combustível flex compatível; versão/acabamento compatível; motor compatível; transmissão compatível,alto,True
HB20 COMFORT PLUS,exato,2013 | HYUNDAI | HB20 | COMFORT PLUS | 1 6 16V | M-5 | FLEX,HYUNDAI,HB20 Comfort Plus 1.6-16V M-5,marca compatível; ano PBEV igual ao ano-modelo FIPE; token forte de modelo compatível: HB20; designação comercial exata; número/modelo compatível; modelo/família compatível; combustível flex compatível; versão/acabamento compatível; motor compatível; transmissão compatível,alto,True
HB20 COMFORT STYLE,exato,2013 | HYUNDAI | HB20 | COMFORT STYLE | 1 6 16V | M-5 | FLEX,HYUNDAI,HB20 Comfort Style 1.6-16V M-5,marca compatível; ano PBEV igual ao ano-modelo FIPE; token forte de modelo compatível: HB20; designação comercial exata; número/modelo compatível; modelo/família compatível; combustível flex compatível; versão/acabamento compatível; motor compatível; transmissão compatível,alto,True
HB20 PREMIUM,exato,2013 | HYUNDAI | HB20 | PREMIUM | 1 6 16V | M-5 | FLEX,HYUNDAI,HB20 Premium 1.6-16V M-5,marca compatível; ano PBEV igual ao ano-modelo FIPE; token forte de modelo compatível: HB20; designação comercial exata; número/modelo compatível; modelo/família compatível; combustível flex compatível; versão/acabamento compatível; motor compatível; transmissão compatível,alto,True
HB20X STYLE,exato,2013 | HYUNDAI | HB20X | STYLE | 1 6 16V | M-5 | FLEX,HYUNDAI,HB20X Style 1.6-16V M-5,marca compatível; ano PBEV igual ao ano-modelo FIPE; token forte de modelo compatível: HB20X; designação comercial exata; número/modelo compatível; modelo/família compatível; combustível flex compatível; motor compatível; transmissão compatível,alto,True
HB20X PREMIUM,exato,2013 | HYUNDAI | HB20X | PREMIUM | 1 6 16V | M-5 | FLEX,HYUNDAI,HB20X Premium 1.6-16V M-5,marca compatível; ano PBEV igual ao ano-modelo FIPE; token forte de modelo compatível: HB20X; designação comercial exata; número/modelo compatível; modelo/família compatível; combustível flex compatível; versão/acabamento compatível; motor compatível; transmissão compatível,alto,True
J3 TURIN -,versoes_equivalentes,2013 | JAC | J3 TURIN |  | 1 3 16V | M-5 | GASOLINA,JAC,J3 Turin - 1.3-16V M-5,marca compatível; ano PBEV igual ao ano-modelo FIPE; token forte de modelo compatível: J3; designação comercial exata; modelo/família compatível; combustível gasolina compatível; motor compatível; transmissão compatível; candidatos próximos têm o mesmo consumo aplicável; ambiguidade não bloqueia,alto,True
J3 TURIN,conservador_por_familia,2013 | JAC | J3 TURIN | 1 4 | 1 3 16V | M-5 | GASOLINA,JAC,"J3 Turin 1,4 1.3-16V M-5",marca compatível; token forte de modelo compatível: J3; designação comercial exata; modelo/família compatível; combustível gasolina compatível; motor compatível; transmissão compatível; ano PBEV próximo aceito por família técnica equivalente; candidato dominante por identidade técnica forte; candidatos próximos tecnicamente fracos não bloqueiam; ano distante (2013 x 2015),alto,True
LIVINA 16,exato,2013 | NISSAN | LIVINA | 16 | 1 6 16V | M-5 | FLEX,NISSAN,Livina 16 1.6-16V M-5,marca compatível; ano PBEV igual ao ano-modelo FIPE; família comercial textual compatível: LIVINA; designação comercial exata; modelo/família compatível; combustível flex compatível; motor compatível; transmissão compatível,alto,True
LIVINA 16S,exato,2013 | NISSAN | LIVINA | 16S | 1 6 16V | M-5 | FLEX,NISSAN,Livina 16S 1.6-16V M-5,marca compatível; ano PBEV igual ao ano-modelo FIPE; token forte de modelo compatível: 16S; designação comercial exata; modelo/família compatível; combustível flex compatível; motor compatível; transmissão compatível,alto,True
LIVINA 16SL,exato,2013 | NISSAN | LIVINA | 16SL | 1 6 16V | M-5 | FLEX,NISSAN,Livina 16SL 1.6-16V M-5,marca compatível; ano PBEV igual ao ano-modelo FIPE; token forte de modelo compatível: 16SL; designação comercial exata; modelo/família compatível; combustível flex compatível; motor compatível; transmissão compatível,alto,True
207 HB BLUE LION,exato,2013 | PEUGEOT | 207 HB | BLUE LION | 1 4 8V | M-5 | FLEX,PEUGEOT,207 HB Blue Lion 1.4-8V M-5,marca compatível; ano PBEV igual ao ano-modelo FIPE; token forte de modelo compatível: 207; designação comercial exata; número/modelo compatível; modelo/família compatível; combustível flex compatível; motor compatível; transmissão compatível,alto,True
207 HB XR 3 PORTAS,versoes_equivalentes,2013 | PEUGEOT | 207 HB | XR 3 PORTAS | 1 4 8V | M-5 | FLEX,PEUGEOT,207 HB XR 3 Portas 1.4-8V M-5,marca compatível; ano PBEV igual ao ano-modelo FIPE; token forte de modelo compatível: 207; designação comercial exata; número/modelo compatível; modelo/família compatível; combustível flex compatível; versão/acabamento compatível; motor compatível; transmissão compatível; candidatos próximos têm o mesmo consumo aplicável; ambiguidade não bloqueia,alto,True
207 HB XR 3 PORTAS,versoes_equivalentes,2013 | PEUGEOT | 207 HB | XR 5 PORTAS | 1 4 8V | M-5 | FLEX,PEUGEOT,207 HB XR 5 Portas 1.4-8V M-5,marca compatível; ano PBEV igual ao ano-modelo FIPE; token forte de modelo compatível: 207; designação comercial exata; número/modelo compatível; modelo/família compatível; combustível flex compatível; versão/acabamento compatível; motor compatível; transmissão compatível; candidatos próximos têm o mesmo consumo aplicável; ambiguidade não bloqueia,alto,True
207 HB XR S,exato,2013 | PEUGEOT | 207 HB | XR S | 1 4 8V | M-5 | FLEX,PEUGEOT,207 HB XR S 1.4-8V M-5,marca compatível; ano PBEV igual ao ano-modelo FIPE; token forte de modelo compatível: 207; designação comercial exata; número/modelo compatível; modelo/família compatível; combustível flex compatível; versão/acabamento compatível; motor compatível; transmissão compatível,alto,True
207 HB ACTIVE,exato,2013 | PEUGEOT | 207 HB | ACTIVE | 1 4 8V | M-5 | FLEX,PEUGEOT,207 HB Active 1.4-8V M-5,marca compatível; ano PBEV igual ao ano-modelo FIPE; token forte de modelo compatível: 207; designação comercial exata; número/modelo compatível; modelo/família compatível; combustível flex compatível; motor compatível; transmissão compatível,alto,True
207 PASSION XR,exato,2013 | PEUGEOT | 207 PASSION | XR | 1 4 8V | M-5 | FLEX,PEUGEOT,207 Passion XR 1.4-8V M-5,marca compatível; ano PBEV igual ao ano-modelo FIPE; token forte de modelo compatível: 207; designação comercial exata; número/modelo compatível; modelo/família compatível; combustível flex compatível; versão/acabamento compatível; motor compatível; transmissão compatível,alto,True
207 PASSION XR S,exato,2013 | PEUGEOT | 207 PASSION | XR S | 1 4 8V | M-5 | FLEX,PEUGEOT,207 Passion XR S 1.4-8V M-5,marca compatível; ano PBEV igual ao ano-modelo FIPE; token forte de modelo compatível: 207; designação comercial exata; número/modelo compatível; modelo/família compatível; combustível flex compatível; versão/acabamento compatível; motor compatível; transmissão compatível,alto,True
207 PASSION ACTIVE,exato,2013 | PEUGEOT | 207 PASSION | ACTIVE | 1 4 8V | M-5 | FLEX,PEUGEOT,207 Passion Active 1.4-8V M-5,marca compatível; ano PBEV igual ao ano-modelo FIPE; token forte de modelo compatível: 207; designação comercial exata; número/modelo compatível; modelo/família compatível; combustível flex compatível; motor compatível; transmissão compatível,alto,True
207 PASSION ALLURE,exato,2013 | PEUGEOT | 207 PASSION | ALLURE | 1 4 8V | M-5 | FLEX,PEUGEOT,207 Passion Allure 1.4-8V M-5,marca compatível; ano PBEV igual ao ano-modelo FIPE; token forte de modelo compatível: 207; designação comercial exata; número/modelo compatível; modelo/família compatível; combustível flex compatível; motor compatível; transmissão compatível,alto,True
208 ACTIVE,exato,2013 | PEUGEOT | 208 | ACTIVE | 1 5 8V | M-5 | FLEX,PEUGEOT,208 Active 1.5-8V M-5,marca compatível; ano PBEV igual ao ano-modelo FIPE; token forte de modelo compatível: 208; designação comercial exata; número/modelo compatível; modelo/família compatível; combustível flex compatível; motor compatível; transmissão compatível,alto,True
208 ALLURE,exato,2013 | PEUGEOT | 208 | ALLURE | 1 5 8V | M-5 | FLEX,PEUGEOT,208 Allure 1.5-8V M-5,marca compatível; ano PBEV igual ao ano-modelo FIPE; token forte de modelo compatível: 208; designação comercial exata; número/modelo compatível; modelo/família compatível; combustível flex compatível; motor compatível; transmissão compatível,alto,True
208 GRIFFE,exato,2013 | PEUGEOT | 208 | GRIFFE | 1 6 16V | M-5 | FLEX,PEUGEOT,208 Griffe 1.6-16V M-5,marca compatível; ano PBEV igual ao ano-modelo FIPE; token forte de modelo compatível: 208; designação comercial exata; número/modelo compatível; modelo/família compatível; combustível flex compatível; motor compatível; transmissão compatível,alto,True
208 PREMIER,exato,2013 | PEUGEOT | 208 | PREMIER | 1 6 16V | M-5 | FLEX,PEUGEOT,208 Premier 1.6-16V M-5,marca compatível; ano PBEV igual ao ano-modelo FIPE; token forte de modelo compatível: 208; designação comercial exata; número/modelo compatível; modelo/família compatível; combustível flex compatível; motor compatível; transmissão compatível,alto,True
SANDERO EXPRESSION,exato,2013 | RENAULT | SANDERO | EXPRESSION | 1 0 16V | M-5 | FLEX,RENAULT,Sandero Expression 1.0-16V M-5,"marca compatível; ano PBEV igual ao ano-modelo FIPE; família comercial textual compatível: EXPRESSION, SANDERO; designação comercial exata; modelo/família compatível; combustível flex compatível; motor compatível; transmissão compatível",alto,True
"ETIOS HATCHBACK 1,3",versoes_equivalentes,2013 | TOYOTA | ETIOS HATCHBACK | 1 3 | 1 3 16V | M-5 | FLEX,TOYOTA,"Etios Hatchback 1,3 1.3-16V M-5",marca compatível; ano PBEV igual ao ano-modelo FIPE; família comercial textual compatível: ETIOS; carroceria compatível; designação comercial exata; modelo/família compatível; combustível flex compatível; motor compatível; transmissão compatível; candidatos próximos têm o mesmo consumo aplicável; ambiguidade não bloqueia,alto,True
"ETIOS HATCHBACK 1,3",versoes_equivalentes,2013 | TOYOTA | ETIOS HATCHBACK | X | 1 3 16V | M-5 | FLEX,TOYOTA,Etios Hatchback X 1.3-16V M-5,marca compatível; ano PBEV igual ao ano-modelo FIPE; família comercial textual compatível: ETIOS; carroceria compatível; designação comercial exata; modelo/família compatível; combustível flex compatível; motor compatível; transmissão compatível; candidatos próximos têm o mesmo consumo aplicável; ambiguidade não bloqueia,alto,True
ETIOS HATCHBACK XS,exato,2013 | TOYOTA | ETIOS HATCHBACK | XS | 1 3 16V | M-5 | FLEX,TOYOTA,Etios Hatchback XS 1.3-16V M-5,marca compatível; ano PBEV igual ao ano-modelo FIPE; família comercial textual compatível: ETIOS; carroceria compatível; designação comercial exata; modelo/família compatível; combustível flex compatível; versão/acabamento compatível; motor compatível; transmissão compatível,alto,True
ETIOS HATCHBACK XLS,exato,2013 | TOYOTA | ETIOS HATCHBACK | XLS | 1 5 16V | M-5 | FLEX,TOYOTA,Etios Hatchback XLS 1.5-16V M-5,marca compatível; ano PBEV igual ao ano-modelo FIPE; família comercial textual compatível: ETIOS; carroceria compatível; designação comercial exata; modelo/família compatível; combustível flex compatível; versão/acabamento compatível; motor compatível; transmissão compatível,alto,True
GOL ECOMOTION 2 PORTAS,versoes_equivalentes,2013 | VOLKSWAGEN | GOL ECOMOTION | 2 PORTAS | 1 0 8V | M-5 | FLEX,VOLKSWAGEN,Gol Ecomotion 2 Portas 1.0-8V M-5,"marca compatível; ano PBEV igual ao ano-modelo FIPE; família comercial textual compatível: ECOMOTION, GOL; designação comercial exata; modelo/família compatível; combustível flex compatível; motor compatível; transmissão compatível; candidatos próximos têm o mesmo consumo aplicável; ambiguidade não bloqueia",alto,True
GOL ECOMOTION 2 PORTAS,versoes_equivalentes,2013 | VOLKSWAGEN | GOL ECOMOTION | 4 PORTAS | 1 0 8V | M-5 | FLEX,VOLKSWAGEN,Gol Ecomotion 4 Portas 1.0-8V M-5,"marca compatível; ano PBEV igual ao ano-modelo FIPE; família comercial textual compatível: ECOMOTION, GOL; designação comercial exata; modelo/família compatível; combustível flex compatível; motor compatível; transmissão compatível; candidatos próximos têm o mesmo consumo aplicável; ambiguidade não bloqueia",alto,True
GOL G4 2 PORTAS,versoes_equivalentes,2013 | VOLKSWAGEN | GOL G4 | 2 PORTAS | 1 0 8V | M-5 | FLEX,VOLKSWAGEN,Gol G4 2 Portas 1.0-8V M-5,marca compatível; ano PBEV igual ao ano-modelo FIPE; token forte de modelo compatível: G4; designação comercial exata; modelo/família compatível; combustível flex compatível; motor compatível; transmissão compatível; candidatos próximos têm o mesmo consumo aplicável; ambiguidade não bloqueia,alto,True
GOL G4 2 PORTAS,versoes_equivalentes,2013 | VOLKSWAGEN | GOL G4 | 4 PORTAS | 1 0 8V | M-5 | FLEX,VOLKSWAGEN,Gol G4 4 Portas 1.0-8V M-5,marca compatível; ano PBEV igual ao ano-modelo FIPE; token forte de modelo compatível: G4; designação comercial exata; modelo/família compatível; combustível flex compatível; motor compatível; transmissão compatível; candidatos próximos têm o mesmo consumo aplicável; ambiguidade não bloqueia,alto,True
NOVO GOL BLUEMOTION TECHNOLOGY 2 PORTAS,versoes_equivalentes,2013 | VOLKSWAGEN | NOVO GOL | BLUEMOTION TECHNOLOGY 2 PORTAS | 1 0 8V | M-5 | FLEX,VOLKSWAGEN,Novo Gol BlueMotion Technology 2 Portas 1.0-8V M-5,"marca compatível; ano PBEV igual ao ano-modelo FIPE; família comercial textual compatível: BLUEMOTION, GOL, TECHNOLOGY; designação comercial exata; modelo/família compatível; combustível flex compatível; motor compatível; transmissão compatível; candidatos próximos têm o mesmo consumo aplicável; ambiguidade não bloqueia",alto,True
NOVO GOL BLUEMOTION TECHNOLOGY 2 PORTAS,versoes_equivalentes,2013 | VOLKSWAGEN | NOVO GOL | BLUEMOTION TECHNOLOGY 4 PORTAS | 1 0 8V | M-5 | FLEX,VOLKSWAGEN,Novo Gol BlueMotion Technology 4 Portas 1.0-8V M-5,"marca compatível; ano PBEV igual ao ano-modelo FIPE; família comercial textual compatível: BLUEMOTION, GOL, TECHNOLOGY; designação comercial exata; modelo/família compatível; combustível flex compatível; motor compatível; transmissão compatível; candidatos próximos têm o mesmo consumo aplicável; ambiguidade não bloqueia",alto,True
NOVO GOL 2 PORTAS,versoes_equivalentes,2013 | VOLKSWAGEN | NOVO GOL | 2 PORTAS | 1 0 8V | M-5 | FLEX,VOLKSWAGEN,Novo Gol 2 Portas 1.0-8V M-5,marca compatível; ano PBEV igual ao ano-modelo FIPE; família comercial textual compatível: GOL; designação comercial exata; modelo/família compatível; combustível flex compatível; motor compatível; transmissão compatível; candidatos próximos têm o mesmo consumo aplicável; ambiguidade não bloqueia,alto,True
NOVO GOL 2 PORTAS,versoes_equivalentes,2013 | VOLKSWAGEN | NOVO GOL | 4 PORTAS | 1 0 8V | M-5 | FLEX,VOLKSWAGEN,Novo Gol 4 Portas 1.0-8V M-5,marca compatível; ano PBEV igual ao ano-modelo FIPE; família comercial textual compatível: GOL; designação comercial exata; modelo/família compatível; combustível flex compatível; motor compatível; transmissão compatível; candidatos próximos têm o mesmo consumo aplicável; ambiguidade não bloqueia,alto,True
NOVO GOL CITY 2 PORTAS,versoes_equivalentes,2013 | VOLKSWAGEN | NOVO GOL | CITY 2 PORTAS | 1 0 8V | M-5 | FLEX,VOLKSWAGEN,Novo Gol City 2 Portas 1.0-8V M-5,"marca compatível; ano PBEV igual ao ano-modelo FIPE; família comercial textual compatível: CITY, GOL; designação comercial exata; modelo/família compatível; combustível flex compatível; motor compatível; transmissão compatível; candidatos próximos têm o mesmo consumo aplicável; ambiguidade não bloqueia",alto,True
NOVO GOL CITY 2 PORTAS,versoes_equivalentes,2013 | VOLKSWAGEN | NOVO GOL | CITY 4 PORTAS | 1 0 8V | M-5 | FLEX,VOLKSWAGEN,Novo Gol City 4 Portas 1.0-8V M-5,"marca compatível; ano PBEV igual ao ano-modelo FIPE; família comercial textual compatível: CITY, GOL; designação comercial exata; modelo/família compatível; combustível flex compatível; motor compatível; transmissão compatível; candidatos próximos têm o mesmo consumo aplicável; ambiguidade não bloqueia",alto,True
NOVO GOL 2 PORTAS,versoes_equivalentes,2013 | VOLKSWAGEN | NOVO GOL | 2 PORTAS | 1 6 8V | M-5 | FLEX,VOLKSWAGEN,Novo Gol 2 Portas 1.6-8V M-5,marca compatível; ano PBEV igual ao ano-modelo FIPE; família comercial textual compatível: GOL; designação comercial exata; modelo/família compatível; combustível flex compatível; motor compatível; transmissão compatível; candidatos próximos têm o mesmo consumo aplicável; ambiguidade não bloqueia,alto,True
NOVO GOL 2 PORTAS,versoes_equivalentes,2013 | VOLKSWAGEN | NOVO GOL | 4 PORTAS | 1 6 8V | M-5 | FLEX,VOLKSWAGEN,Novo Gol 4 Portas 1.6-8V M-5,marca compatível; ano PBEV igual ao ano-modelo FIPE; família comercial textual compatível: GOL; designação comercial exata; modelo/família compatível; combustível flex compatível; motor compatível; transmissão compatível; candidatos próximos têm o mesmo consumo aplicável; ambiguidade não bloqueia,alto,True
NOVO GOL CITY 2 PORTAS,versoes_equivalentes,2013 | VOLKSWAGEN | NOVO GOL | CITY 2 PORTAS | 1 6 8V | M-5 | FLEX,VOLKSWAGEN,Novo Gol City 2 Portas 1.6-8V M-5,"marca compatível; ano PBEV igual ao ano-modelo FIPE; família comercial textual compatível: CITY, GOL; designação comercial exata; modelo/família compatível; combustível flex compatível; motor compatível; transmissão compatível; candidatos próximos têm o mesmo consumo aplicável; ambiguidade não bloqueia",alto,True
NOVO GOL CITY 2 PORTAS,versoes_equivalentes,2013 | VOLKSWAGEN | NOVO GOL | CITY 4 PORTAS | 1 6 8V | M-5 | FLEX,VOLKSWAGEN,Novo Gol City 4 Portas 1.6-8V M-5,"marca compatível; ano PBEV igual ao ano-modelo FIPE; família comercial textual compatível: CITY, GOL; designação comercial exata; modelo/família compatível; combustível flex compatível; motor compatível; transmissão compatível; candidatos próximos têm o mesmo consumo aplicável; ambiguidade não bloqueia",alto,True
NOVO GOL HIGHLINE 4 PORTAS,exato,2013 | VOLKSWAGEN | NOVO GOL | HIGHLINE 4 PORTAS | 1 6 8V | M-5 | FLEX,VOLKSWAGEN,Novo Gol Highline 4 Portas 1.6-8V M-5,marca compatível; ano PBEV igual ao ano-modelo FIPE; família comercial textual compatível: GOL; designação comercial exata; modelo/família compatível; combustível flex compatível; versão/acabamento compatível; motor compatível; transmissão compatível,alto,True
NOVO GOL I-MOTION 2 PORTAS,versoes_equivalentes,2013 | VOLKSWAGEN | NOVO GOL | I MOTION 2 PORTAS | 1 6 8V | MTA-5 | FLEX,VOLKSWAGEN,Novo Gol I-Motion 2 Portas 1.6-8V MTA-5,"marca compatível; ano PBEV igual ao ano-modelo FIPE; família comercial textual compatível: GOL, MOTION; designação comercial exata; modelo/família compatível; combustível flex compatível; motor compatível; transmissão compatível; candidatos próximos têm o mesmo consumo aplicável; ambiguidade não bloqueia",alto,True
NOVO GOL I-MOTION 2 PORTAS,versoes_equivalentes,2013 | VOLKSWAGEN | NOVO GOL | I MOTION 4 PORTAS | 1 6 8V | MTA-5 | FLEX,VOLKSWAGEN,Novo Gol I-Motion 4 Portas 1.6-8V MTA-5,"marca compatível; ano PBEV igual ao ano-modelo FIPE; família comercial textual compatível: GOL, MOTION; designação comercial exata; modelo/família compatível; combustível flex compatível; motor compatível; transmissão compatível; candidatos próximos têm o mesmo consumo aplicável; ambiguidade não bloqueia",alto,True
NOVO GOL CITY I-MOTION 2 PORTAS,versoes_equivalentes,2013 | VOLKSWAGEN | NOVO GOL | CITY I MOTION 2 PORTAS | 1 6 8V | MTA-5 | FLEX,VOLKSWAGEN,Novo Gol City I-Motion 2 Portas 1.6-8V MTA-5,"marca compatível; ano PBEV igual ao ano-modelo FIPE; família comercial textual compatível: CITY, GOL, MOTION; designação comercial exata; modelo/família compatível; combustível flex compatível; motor compatível; transmissão compatível; candidatos próximos têm o mesmo consumo aplicável; ambiguidade não bloqueia",alto,True
NOVO GOL CITY I-MOTION 2 PORTAS,versoes_equivalentes,2013 | VOLKSWAGEN | NOVO GOL | CITY I MOTION 4 PORTAS | 1 6 8V | MTA-5 | FLEX,VOLKSWAGEN,Novo Gol City I-Motion 4 Portas 1.6-8V MTA-5,"marca compatível; ano PBEV igual ao ano-modelo FIPE; família comercial textual compatível: CITY, GOL, MOTION; designação comercial exata; modelo/família compatível; combustível flex compatível; motor compatível; transmissão compatível; candidatos próximos têm o mesmo consumo aplicável; ambiguidade não bloqueia",alto,True
NOVO GOL HIGHLINE I- MOTION 4 PORTAS,exato,2013 | VOLKSWAGEN | NOVO GOL | HIGHLINE I MOTION 4 PORTAS | 1 6 8V | MTA-5 | FLEX,VOLKSWAGEN,Novo Gol Highline I- Motion 4 Portas 1.6-8V MTA-5,"marca compatível; ano PBEV igual ao ano-modelo FIPE; família comercial textual compatível: GOL, MOTION; designação comercial exata; modelo/família compatível; combustível flex compatível; versão/acabamento compatível; motor compatível; transmissão compatível",alto,True
POLO BLUEMOTION,exato,2013 | VOLKSWAGEN | POLO | BLUEMOTION | 1 6 8V | M-5 | FLEX,VOLKSWAGEN,Polo BlueMotion 1.6-8V M-5,"marca compatível; ano PBEV igual ao ano-modelo FIPE; família comercial textual compatível: BLUEMOTION, POLO; designação comercial exata; modelo/família compatível; combustível flex compatível; motor compatível; transmissão compatível",alto,True
"POLO 1,6",exato,2013 | VOLKSWAGEN | POLO | 1 6 | 1 6 8V | M-5 | FLEX,VOLKSWAGEN,"Polo 1,6 1.6-8V M-5",marca compatível; ano PBEV igual ao ano-modelo FIPE; família comercial textual compatível: POLO; designação comercial exata; modelo/família compatível; combustível flex compatível; motor compatível; transmissão compatível,alto,True
POLO SPORTLINE,exato,2013 | VOLKSWAGEN | POLO | SPORTLINE | 1 6 8V | M-5 | FLEX,VOLKSWAGEN,Polo Sportline 1.6-8V M-5,"marca compatível; ano PBEV igual ao ano-modelo FIPE; família comercial textual compatível: POLO, SPORTLINE; designação comercial exata; modelo/família compatível; combustível flex compatível; motor compatível; transmissão compatível",alto,True
"POLO SEDAN 1,6",exato,2013 | VOLKSWAGEN | POLO SEDAN | 1 6 | 1 6 8V | M-5 | FLEX,VOLKSWAGEN,"Polo Sedan 1,6 1.6-8V M-5",marca compatível; ano PBEV igual ao ano-modelo FIPE; família comercial textual compatível: POLO; carroceria compatível; designação comercial exata; modelo/família compatível; combustível flex compatível; motor compatível; transmissão compatível,alto,True
POLO SEDAN COMFORTLINE,exato,2013 | VOLKSWAGEN | POLO SEDAN | COMFORTLINE | 1 6 8V | M-5 | FLEX,VOLKSWAGEN,Polo Sedan Comfortline 1.6-8V M-5,marca compatível; ano PBEV igual ao ano-modelo FIPE; família comercial textual compatível: POLO; carroceria compatível; designação comercial exata; modelo/família compatível; combustível flex compatível; versão/acabamento compatível; motor compatível; transmissão compatível,alto,True
A1 ATTRACTION,exato,2013 | AUDI | A1 | ATTRACTION | 1 4 16V | A-7 | GASOLINA,AUDI,A1 Attraction 1.4-16V A-7,marca compatível; ano PBEV igual ao ano-modelo FIPE; token forte de modelo compatível: A1; designação comercial exata; modelo/família compatível; combustível gasolina compatível; motor compatível; transmissão compatível,alto,True
A1 SPORT,exato,2013 | AUDI | A1 | SPORT | 1 4 16V | A-7 | GASOLINA,AUDI,A1 Sport 1.4-16V A-7,marca compatível; ano PBEV igual ao ano-modelo FIPE; token forte de modelo compatível: A1; designação comercial exata; modelo/família compatível; combustível gasolina compatível; versão/acabamento compatível; motor compatível; transmissão compatível,alto,True
A1 SPORTBACK,exato,2013 | AUDI | A1 | SPORTBACK | 1 4 16V | A-7 | GASOLINA,AUDI,A1 Sportback 1.4-16V A-7,marca compatível; ano PBEV igual ao ano-modelo FIPE; token forte de modelo compatível: A1; designação comercial exata; modelo/família compatível; combustível gasolina compatível; motor compatível; transmissão compatível,alto,True
A1 SPORTBACK AMBITION,exato,2013 | AUDI | A1 | SPORTBACK AMBITION | 1 4 16V | A-7 | GASOLINA,AUDI,A1 Sportback Ambition 1.4-16V A-7,marca compatível; ano PBEV igual ao ano-modelo FIPE; token forte de modelo compatível: A1; designação comercial exata; modelo/família compatível; combustível gasolina compatível; motor compatível; transmissão compatível,alto,True
"CELER 1,5 FLEX",exato,2013 | CHERY | CELER | 1 5 FLEX | 1 5 16V | M-5 | FLEX,CHERY,"Celer 1,5 Flex 1.5-16V M-5",marca compatível; ano PBEV igual ao ano-modelo FIPE; família comercial textual compatível: CELER; designação comercial exata; modelo/família compatível; combustível flex compatível; motor compatível; transmissão compatível,alto,True
DS4 THP SO CHIC,exato,2013 | CITROEN | DS4 | THP SO CHIC | 1 6 16V | A-6 | GASOLINA,CITROEN,DS4 THP So Chic 1.6-16V A-6,marca compatível; ano PBEV igual ao ano-modelo FIPE; token forte de modelo compatível: DS4; designação comercial exata; modelo/família compatível; combustível gasolina compatível; motor compatível; transmissão compatível,alto,True
FIESTA SEDAN SE,exato,2013 | FORD | FIESTA SEDAN | SE | 1 6 16V | M-5 | FLEX,FORD,Fiesta Sedan SE 1.6-16V M-5,marca compatível; ano PBEV igual ao ano-modelo FIPE; família comercial textual compatível: FIESTA; carroceria compatível; designação comercial exata; modelo/família compatível; combustível flex compatível; versão/acabamento compatível; motor compatível; transmissão compatível,alto,True
FIESTA SEDAN TITANIUM,exato,2013 | FORD | FIESTA SEDAN | TITANIUM | 1 6 16V | M-5 | FLEX,FORD,Fiesta Sedan Titanium 1.6-16V M-5,marca compatível; ano PBEV igual ao ano-modelo FIPE; família comercial textual compatível: FIESTA; carroceria compatível; designação comercial exata; modelo/família compatível; combustível flex compatível; versão/acabamento compatível; motor compatível; transmissão compatível,alto,True
FIESTA SEDAN SE,exato,2013 | FORD | FIESTA SEDAN | SE | 1 6 16V | DCT-6 | FLEX,FORD,Fiesta Sedan SE 1.6-16V DCT-6,marca compatível; ano PBEV igual ao ano-modelo FIPE; família comercial textual compatível: FIESTA; carroceria compatível; designação comercial exata; modelo/família compatível; combustível flex compatível; versão/acabamento compatível; motor compatível; transmissão compatível,alto,True
FIESTA SEDAN TITANIUM,exato,2013 | FORD | FIESTA SEDAN | TITANIUM | 1 6 16V | DCT-6 | FLEX,FORD,Fiesta Sedan Titanium 1.6-16V DCT-6,marca compatível; ano PBEV igual ao ano-modelo FIPE; família comercial textual compatível: FIESTA; carroceria compatível; designação comercial exata; modelo/família compatível; combustível flex compatível; versão/acabamento compatível; motor compatível; transmissão compatível,alto,True
3 MT,exato,2013 | HAIMA | 3 | MT | 1 6 16V | M-5 | GASOLINA,HAIMA,3 MT 1.6-16V M-5,marca compatível; ano PBEV igual ao ano-modelo FIPE; modelo/família compatível; combustível gasolina compatível; motor compatível; transmissão compatível,alto,True
3 CVT,exato,2013 | HAIMA | 3 | CVT | 1 6 16V | CVT | GASOLINA,HAIMA,3 CVT 1.6-16V CVT,marca compatível; ano PBEV igual ao ano-modelo FIPE; modelo/família compatível; combustível gasolina compatível; motor compatível; transmissão compatível,alto,True
CITY DX,exato,2013 | HONDA | CITY | DX | 1 5 16V | M-5 | FLEX,HONDA,City DX 1.5-16V M-5,marca compatível; ano PBEV igual ao ano-modelo FIPE; família comercial textual compatível: CITY; designação comercial exata; modelo/família compatível; combustível flex compatível; versão/acabamento compatível; motor compatível; transmissão compatível,alto,True
CITY LX,exato,2013 | HONDA | CITY | LX | 1 5 16V | M-5 | FLEX,HONDA,City LX 1.5-16V M-5,marca compatível; ano PBEV igual ao ano-modelo FIPE; família comercial textual compatível: CITY; designação comercial exata; modelo/família compatível; combustível flex compatível; versão/acabamento compatível; motor compatível; transmissão compatível,alto,True
CITY EX,exato,2013 | HONDA | CITY | EX | 1 5 16V | M-5 | FLEX,HONDA,City EX 1.5-16V M-5,marca compatível; ano PBEV igual ao ano-modelo FIPE; família comercial textual compatível: CITY; designação comercial exata; modelo/família compatível; combustível flex compatível; versão/acabamento compatível; motor compatível; transmissão compatível,alto,True
CITY DX,exato,2013 | HONDA | CITY | DX | 1 5 16V | A-5 | FLEX,HONDA,City DX 1.5-16V A-5,marca compatível; ano PBEV igual ao ano-modelo FIPE; família comercial textual compatível: CITY; designação comercial exata; modelo/família compatível; combustível flex compatível; versão/acabamento compatível; motor compatível; transmissão compatível,alto,True
CITY LX,exato,2013 | HONDA | CITY | LX | 1 5 16V | A-5 | FLEX,HONDA,City LX 1.5-16V A-5,marca compatível; ano PBEV igual ao ano-modelo FIPE; família comercial textual compatível: CITY; designação comercial exata; modelo/família compatível; combustível flex compatível; versão/acabamento compatível; motor compatível; transmissão compatível,alto,True
CITY EX,exato,2013 | HONDA | CITY | EX | 1 5 16V | A-5 | FLEX,HONDA,City EX 1.5-16V A-5,marca compatível; ano PBEV igual ao ano-modelo FIPE; família comercial textual compatível: CITY; designação comercial exata; modelo/família compatível; combustível flex compatível; versão/acabamento compatível; motor compatível; transmissão compatível,alto,True
HB20S COMFORT PLUS,exato,2013 | HYUNDAI | HB20S | COMFORT PLUS | 1 0 12V | M-5 | FLEX,HYUNDAI,HB20S Comfort Plus 1.0-12V M-5,marca compatível; ano PBEV igual ao ano-modelo FIPE; token forte de modelo compatível: HB20S; designação comercial exata; número/modelo compatível; modelo/família compatível; combustível flex compatível; versão/acabamento compatível; motor compatível; transmissão compatível,alto,True
HB20S STYLE,exato,2013 | HYUNDAI | HB20S | STYLE | 1 0 12V | M-5 | FLEX,HYUNDAI,HB20S Style 1.0-12V M-5,marca compatível; ano PBEV igual ao ano-modelo FIPE; token forte de modelo compatível: HB20S; designação comercial exata; número/modelo compatível; modelo/família compatível; combustível flex compatível; versão/acabamento compatível; motor compatível; transmissão compatível,alto,True
HB20S COMFORT PLUS,exato,2013 | HYUNDAI | HB20S | COMFORT PLUS | 1 6 16V | M-5 | FLEX,HYUNDAI,HB20S Comfort Plus 1.6-16V M-5,marca compatível; ano PBEV igual ao ano-modelo FIPE; token forte de modelo compatível: HB20S; designação comercial exata; número/modelo compatível; modelo/família compatível; combustível flex compatível; versão/acabamento compatível; motor compatível; transmissão compatível,alto,True
HB20S STYLE,exato,2013 | HYUNDAI | HB20S | STYLE | 1 6 16V | M-5 | FLEX,HYUNDAI,HB20S Style 1.6-16V M-5,marca compatível; ano PBEV igual ao ano-modelo FIPE; token forte de modelo compatível: HB20S; designação comercial exata; número/modelo compatível; modelo/família compatível; combustível flex compatível; versão/acabamento compatível; motor compatível; transmissão compatível,alto,True
HB20S PREMIUM,exato,2013 | HYUNDAI | HB20S | PREMIUM | 1 6 16V | M-5 | FLEX,HYUNDAI,HB20S Premium 1.6-16V M-5,marca compatível; ano PBEV igual ao ano-modelo FIPE; token forte de modelo compatível: HB20S; designação comercial exata; número/modelo compatível; modelo/família compatível; combustível flex compatível; versão/acabamento compatível; motor compatível; transmissão compatível,alto,True
"I30 2,0",exato,2013 | HYUNDAI | I30 | 2 0 | 2 0 16V | M-5 | GASOLINA,HYUNDAI,"i30 2,0 2.0-16V M-5",marca compatível; ano PBEV igual ao ano-modelo FIPE; token forte de modelo compatível: I30; designação comercial exata; número/modelo compatível; modelo/família compatível; combustível gasolina compatível; motor compatível; transmissão compatível,alto,True
"I30 2,0",exato,2013 | HYUNDAI | I30 | 2 0 | 2 0 16V | A-4 | GASOLINA,HYUNDAI,"i30 2,0 2.0-16V A-4",marca compatível; ano PBEV igual ao ano-modelo FIPE; token forte de modelo compatível: I30; designação comercial exata; número/modelo compatível; modelo/família compatível; combustível gasolina compatível; motor compatível; transmissão compatível,alto,True
"J6 2,0S 5S",exato,2013 | JAC | J6 | 2 0S 5S | 2 0 16V | M-5 | GASOLINA,JAC,"J6 2,0S 5S 2.0-16V M-5","marca compatível; ano PBEV igual ao ano-modelo FIPE; token forte de modelo compatível: 0S, 5S, J6; designação comercial exata; modelo/família compatível; combustível gasolina compatível; motor compatível; transmissão compatível",alto,True
"J6 2,0S DIAMOND 5S",exato,2013 | JAC | J6 | 2 0S DIAMOND 5S | 2 0 16V | M-5 | GASOLINA,JAC,"J6 2,0S Diamond 5S 2.0-16V M-5","marca compatível; ano PBEV igual ao ano-modelo FIPE; token forte de modelo compatível: 0S, 5S, J6; designação comercial exata; modelo/família compatível; combustível gasolina compatível; motor compatível; transmissão compatível",alto,True
"J6 2,0S COMFORT 5S",exato,2013 | JAC | J6 | 2 0S COMFORT 5S | 2 0 16V | M-5 | GASOLINA,JAC,"J6 2,0S Comfort 5S 2.0-16V M-5","marca compatível; ano PBEV igual ao ano-modelo FIPE; token forte de modelo compatível: 0S, 5S, J6; designação comercial exata; modelo/família compatível; combustível gasolina compatível; versão/acabamento compatível; motor compatível; transmissão compatível",alto,True
"J6 2,0S LUXURY 5S",exato,2013 | JAC | J6 | 2 0S LUXURY 5S | 2 0 16V | M-5 | GASOLINA,JAC,"J6 2,0S Luxury 5S 2.0-16V M-5","marca compatível; ano PBEV igual ao ano-modelo FIPE; token forte de modelo compatível: 0S, 5S, J6; designação comercial exata; modelo/família compatível; combustível gasolina compatível; motor compatível; transmissão compatível",alto,True
"J6 2,0S BLACK 5S",exato,2013 | JAC | J6 | 2 0S BLACK 5S | 2 0 16V | M-5 | GASOLINA,JAC,"J6 2,0S Black 5S 2.0-16V M-5","marca compatível; ano PBEV igual ao ano-modelo FIPE; token forte de modelo compatível: 0S, 5S, J6; designação comercial exata; modelo/família compatível; combustível gasolina compatível; motor compatível; transmissão compatível",alto,True
SOUL EX,exato,2013 | KIA | SOUL | EX | 1 6 16V | M-6 | FLEX,KIA,Soul EX 1.6-16V M-6,marca compatível; ano PBEV igual ao ano-modelo FIPE; família comercial textual compatível: SOUL; designação comercial exata; modelo/família compatível; combustível flex compatível; versão/acabamento compatível; motor compatível; transmissão compatível,alto,True
SOUL LX,exato,2013 | KIA | SOUL | LX | 1 6 16V | M-6 | FLEX,KIA,Soul LX 1.6-16V M-6,marca compatível; ano PBEV igual ao ano-modelo FIPE; família comercial textual compatível: SOUL; designação comercial exata; modelo/família compatível; combustível flex compatível; versão/acabamento compatível; motor compatível; transmissão compatível,alto,True
SOUL EX,exato,2013 | KIA | SOUL | EX | 1 6 16V | A-6 | FLEX,KIA,Soul EX 1.6-16V A-6,marca compatível; ano PBEV igual ao ano-modelo FIPE; família comercial textual compatível: SOUL; designação comercial exata; modelo/família compatível; combustível flex compatível; versão/acabamento compatível; motor compatível; transmissão compatível,alto,True
SOUL LX,exato,2013 | KIA | SOUL | LX | 1 6 16V | A-6 | FLEX,KIA,Soul LX 1.6-16V A-6,marca compatível; ano PBEV igual ao ano-modelo FIPE; família comercial textual compatível: SOUL; designação comercial exata; modelo/família compatível; combustível flex compatível; versão/acabamento compatível; motor compatível; transmissão compatível,alto,True
CT200H -,exato,2013 | LEXUS | CT200H |  | 1 8 16V | CVT | GASOLINA,LEXUS,CT200h - 1.8-16V CVT,marca compatível; ano PBEV igual ao ano-modelo FIPE; token forte de modelo compatível: CT200H; designação comercial exata; número/modelo compatível; modelo/família compatível; híbrido convencional compatível; motor compatível; transmissão compatível,alto,True
B 200 TURBO,exato,2013 | MERCEDES BENZ | B 200 | TURBO | 1 6 16V | DCT-7 | GASOLINA,MERCEDES BENZ,B 200 Turbo 1.6-16V DCT-7,"marca compatível; ano PBEV igual ao ano-modelo FIPE; token forte de modelo compatível: 200, B200; designação comercial exata; número/modelo compatível; modelo/família compatível; combustível gasolina compatível; motor compatível; transmissão compatível",alto,True
VERSA 16,exato,2013 | NISSAN | VERSA | 16 | 1 6 16V | M-5 | FLEX,NISSAN,Versa 16 1.6-16V M-5,marca compatível; ano PBEV igual ao ano-modelo FIPE; família comercial textual compatível: VERSA; designação comercial exata; modelo/família compatível; combustível flex compatível; motor compatível; transmissão compatível,alto,True
VERSA 16S,exato,2013 | NISSAN | VERSA | 16S | 1 6 16V | M-5 | FLEX,NISSAN,Versa 16S 1.6-16V M-5,marca compatível; ano PBEV igual ao ano-modelo FIPE; token forte de modelo compatível: 16S; designação comercial exata; modelo/família compatível; combustível flex compatível; motor compatível; transmissão compatível,alto,True
VERSA 16SV,exato,2013 | NISSAN | VERSA | 16SV | 1 6 16V | M-5 | FLEX,NISSAN,Versa 16SV 1.6-16V M-5,marca compatível; ano PBEV igual ao ano-modelo FIPE; token forte de modelo compatível: 16SV; designação comercial exata; modelo/família compatível; combustível flex compatível; motor compatível; transmissão compatível,alto,True
VERSA 16SR,exato,2013 | NISSAN | VERSA | 16SR | 1 6 16V | M-5 | FLEX,NISSAN,Versa 16SR 1.6-16V M-5,marca compatível; ano PBEV igual ao ano-modelo FIPE; token forte de modelo compatível: 16SR; designação comercial exata; modelo/família compatível; combustível flex compatível; motor compatível; transmissão compatível,alto,True
VERSA 16SL,exato,2013 | NISSAN | VERSA | 16SL | 1 6 16V | M-5 | FLEX,NISSAN,Versa 16SL 1.6-16V M-5,marca compatível; ano PBEV igual ao ano-modelo FIPE; token forte de modelo compatível: 16SL; designação comercial exata; modelo/família compatível; combustível flex compatível; motor compatível; transmissão compatível,alto,True
LOGAN EXPRESSION,exato,2013 | RENAULT | LOGAN | EXPRESSION | 1 0 16V | M-5 | FLEX,RENAULT,Logan Expression 1.0-16V M-5,"marca compatível; ano PBEV igual ao ano-modelo FIPE; família comercial textual compatível: EXPRESSION, LOGAN; designação comercial exata; modelo/família compatível; combustível flex compatível; motor compatível; transmissão compatível",alto,True
NOVO LOGAN AUTHENTIQUE,exato,2013 | RENAULT | NOVO LOGAN | AUTHENTIQUE | 1 0 16V | M-5 | FLEX,RENAULT,Novo Logan Authentique 1.0-16V M-5,"marca compatível; ano PBEV igual ao ano-modelo FIPE; família comercial textual compatível: AUTHENTIQUE, LOGAN; designação comercial exata; modelo/família compatível; combustível flex compatível; motor compatível; transmissão compatível",alto,True
LOGAN EXPRESSION,exato,2013 | RENAULT | NOVO LOGAN | EXPRESSION | 1 0 16V | M-5 | FLEX,RENAULT,Novo Logan Expression 1.0-16V M-5,"marca compatível; ano PBEV igual ao ano-modelo FIPE; família comercial textual compatível: EXPRESSION, LOGAN; designação comercial exata; modelo/família compatível; combustível flex compatível; motor compatível; transmissão compatível",alto,True
IMPREZA XV,exato,2013 | SUBARU | IMPREZA | XV | 2 0 16V | CVT | GASOLINA,SUBARU,Impreza XV 2.0-16V CVT,marca compatível; ano PBEV igual ao ano-modelo FIPE; família comercial textual compatível: IMPREZA; designação comercial exata; modelo/família compatível; combustível gasolina compatível; motor compatível; transmissão compatível,alto,True
SX4 AWD,exato,2013 | SUZUKI | SX4 | AWD | 2 0 16V | M-5 | GASOLINA,SUZUKI,SX4 AWD 2.0-16V M-5,marca compatível; ano PBEV igual ao ano-modelo FIPE; token forte de modelo compatível: SX4; designação comercial exata; modelo/família compatível; combustível gasolina compatível; versão/acabamento compatível; motor compatível; transmissão compatível,alto,True
PRIUS -,exato,2013 | TOYOTA | PRIUS |  | 1 8 16V | CVT | GASOLINA,TOYOTA,Prius - 1.8-16V CVT,marca compatível; ano PBEV igual ao ano-modelo FIPE; família comercial textual compatível: PRIUS; designação comercial exata; modelo/família compatível; híbrido convencional compatível; motor compatível; transmissão compatível,alto,True
ETIOS SEDAN X,exato,2013 | TOYOTA | ETIOS SEDAN | X | 1 5 16V | M-5 | FLEX,TOYOTA,Etios Sedan X 1.5-16V M-5,marca compatível; ano PBEV igual ao ano-modelo FIPE; família comercial textual compatível: ETIOS; carroceria compatível; designação comercial exata; modelo/família compatível; combustível flex compatível; motor compatível; transmissão compatível,alto,True
ETIOS SEDAN XS,exato,2013 | TOYOTA | ETIOS SEDAN | XS | 1 5 16V | M-5 | FLEX,TOYOTA,Etios Sedan XS 1.5-16V M-5,marca compatível; ano PBEV igual ao ano-modelo FIPE; família comercial textual compatível: ETIOS; carroceria compatível; designação comercial exata; modelo/família compatível; combustível flex compatível; versão/acabamento compatível; motor compatível; transmissão compatível,alto,True
ETIOS SEDAN XLS,exato,2013 | TOYOTA | ETIOS SEDAN | XLS | 1 5 16V | M-5 | FLEX,TOYOTA,Etios Sedan XLS 1.5-16V M-5,marca compatível; ano PBEV igual ao ano-modelo FIPE; família comercial textual compatível: ETIOS; carroceria compatível; designação comercial exata; modelo/família compatível; combustível flex compatível; versão/acabamento compatível; motor compatível; transmissão compatível,alto,True
NOVO VOYAGE BLUEMOTION TECHNOLOGY,exato,2013 | VOLKSWAGEN | NOVO VOYAGE | BLUEMOTION TECHNOLOGY | 1 0 8V | M-5 | FLEX,VOLKSWAGEN,Novo Voyage BlueMotion Technology 1.0-8V M-5,"marca compatível; ano PBEV igual ao ano-modelo FIPE; família comercial textual compatível: BLUEMOTION, TECHNOLOGY, VOYAGE; designação comercial exata; modelo/família compatível; combustível flex compatível; motor compatível; transmissão compatível",alto,True
"NOVO VOYAGE 1,0",exato,2013 | VOLKSWAGEN | NOVO VOYAGE | 1 0 | 1 0 8V | M-5 | FLEX,VOLKSWAGEN,"Novo Voyage 1,0 1.0-8V M-5",marca compatível; ano PBEV igual ao ano-modelo FIPE; família comercial textual compatível: VOYAGE; designação comercial exata; modelo/família compatível; combustível flex compatível; motor compatível; transmissão compatível,alto,True
NOVO VOYAGE CITY,exato,2013 | VOLKSWAGEN | NOVO VOYAGE | CITY | 1 0 8V | M-5 | FLEX,VOLKSWAGEN,Novo Voyage City 1.0-8V M-5,"marca compatível; ano PBEV igual ao ano-modelo FIPE; família comercial textual compatível: CITY, VOYAGE; designação comercial exata; modelo/família compatível; combustível flex compatível; motor compatível; transmissão compatível",alto,True
"NOVO VOYAGE 1,6",exato,2013 | VOLKSWAGEN | NOVO VOYAGE | 1 6 | 1 6 8V | M-5 | FLEX,VOLKSWAGEN,"Novo Voyage 1,6 1.6-8V M-5",marca compatível; ano PBEV igual ao ano-modelo FIPE; família comercial textual compatível: VOYAGE; designação comercial exata; modelo/família compatível; combustível flex compatível; motor compatível; transmissão compatível,alto,True
NOVO VOYAGE HIGHLINE,exato,2013 | VOLKSWAGEN | NOVO VOYAGE | HIGHLINE | 1 6 8V | M-5 | FLEX,VOLKSWAGEN,Novo Voyage Highline 1.6-8V M-5,marca compatível; ano PBEV igual ao ano-modelo FIPE; família comercial textual compatível: VOYAGE; designação comercial exata; modelo/família compatível; combustível flex compatível; versão/acabamento compatível; motor compatível; transmissão compatível,alto,True
NOVO VOYAGE CITY,exato,2013 | VOLKSWAGEN | NOVO VOYAGE | CITY | 1 6 8V | M-5 | FLEX,VOLKSWAGEN,Novo Voyage City 1.6-8V M-5,"marca compatível; ano PBEV igual ao ano-modelo FIPE; família comercial textual compatível: CITY, VOYAGE; designação comercial exata; modelo/família compatível; combustível flex compatível; motor compatível; transmissão compatível",alto,True
NOVO VOYAGE I-MOTION,exato,2013 | VOLKSWAGEN | NOVO VOYAGE | I MOTION | 1 6 8V | MTA-5 | FLEX,VOLKSWAGEN,Novo Voyage I-Motion 1.6-8V MTA-5,"marca compatível; ano PBEV igual ao ano-modelo FIPE; família comercial textual compatível: MOTION, VOYAGE; designação comercial exata; modelo/família compatível; combustível flex compatível; motor compatível; transmissão compatível",alto,True
NOVO VOYAGE HIGHLINE I- MOTION,exato,2013 | VOLKSWAGEN | NOVO VOYAGE | HIGHLINE I MOTION | 1 6 8V | MTA-5 | FLEX,VOLKSWAGEN,Novo Voyage Highline I- Motion 1.6-8V MTA-5,"marca compatível; ano PBEV igual ao ano-modelo FIPE; família comercial textual compatível: MOTION, VOYAGE; designação comercial exata; modelo/família compatível; combustível flex compatível; versão/acabamento compatível; motor compatível; transmissão compatível",alto,True
NOVO VOYAGE CITY I-MOTION,exato,2013 | VOLKSWAGEN | NOVO VOYAGE | CITY I MOTION | 1 6 8V | MTA-5 | FLEX,VOLKSWAGEN,Novo Voyage City I-Motion 1.6-8V MTA-5,"marca compatível; ano PBEV igual ao ano-modelo FIPE; família comercial textual compatível: CITY, MOTION, VOYAGE; designação comercial exata; modelo/família compatível; combustível flex compatível; motor compatível; transmissão compatível",alto,True
C30 -,exato,2013 | VOLVO | C30 |  | 2 0 16V | A-6 | GASOLINA,VOLVO,C30 - 2.0-16V A-6,marca compatível; ano PBEV igual ao ano-modelo FIPE; token forte de modelo compatível: C30; designação comercial exata; número/modelo compatível; modelo/família compatível; combustível gasolina compatível; motor compatível; transmissão compatível,alto,True
C30 -,exato,2013 | VOLVO | C30 |  | 2 0 16V | M-5 | GASOLINA,VOLVO,C30 - 2.0-16V M-5,marca compatível; ano PBEV igual ao ano-modelo FIPE; token forte de modelo compatível: C30; designação comercial exata; número/modelo compatível; modelo/família compatível; combustível gasolina compatível; motor compatível; transmissão compatível,alto,True
A4 AVANT,exato,2013 | AUDI | A4 | AVANT | 2 0 20V | CVT | GASOLINA,AUDI,A4 Avant 2.0-20V CVT,marca compatível; ano PBEV igual ao ano-modelo FIPE; token forte de modelo compatível: A4; designação comercial exata; modelo/família compatível; combustível gasolina compatível; motor compatível; transmissão compatível,alto,True
A4 SEDAN,exato,2013 | AUDI | A4 | SEDAN | 2 0 20V | CVT | GASOLINA,AUDI,A4 Sedan 2.0-20V CVT,marca compatível; ano PBEV igual ao ano-modelo FIPE; token forte de modelo compatível: A4; carroceria compatível; designação comercial exata; modelo/família compatível; combustível gasolina compatível; motor compatível; transmissão compatível,alto,True
A5 SPORTBACK ATTRACTION,exato,2013 | AUDI | A5 | SPORTBACK ATTRACTION | 2 0 20V | CVT | GASOLINA,AUDI,A5 Sportback Attraction 2.0-20V CVT,marca compatível; ano PBEV igual ao ano-modelo FIPE; token forte de modelo compatível: A5; designação comercial exata; modelo/família compatível; combustível gasolina compatível; motor compatível; transmissão compatível,alto,True
CONTINENTAL GT V8,exato,2013 | BENTLEY | CONTINENTAL | GT V8 | 4 0 32V | A-6 | GASOLINA,BENTLEY,Continental GT V8 4.0-32V A-6,marca compatível; ano PBEV igual ao ano-modelo FIPE; família comercial textual compatível: CONTINENTAL; designação comercial exata; modelo/família compatível; combustível gasolina compatível; motor compatível; transmissão compatível,alto,True
CONTINENTAL GTC V8,exato,2013 | BENTLEY | CONTINENTAL | GTC V8 | 4 0 32V | A-6 | GASOLINA,BENTLEY,Continental GTC V8 4.0-32V A-6,"marca compatível; ano PBEV igual ao ano-modelo FIPE; família comercial textual compatível: CONTINENTAL, GTC; designação comercial exata; modelo/família compatível; combustível gasolina compatível; motor compatível; transmissão compatível",alto,True
CONTINENTAL FLYING SPUR,exato,2013 | BENTLEY | CONTINENTAL | FLYING SPUR | 6 0 48V | A-8 | GASOLINA,BENTLEY,Continental FLYING SPUR 6.0-48V A-8,"marca compatível; ano PBEV igual ao ano-modelo FIPE; família comercial textual compatível: CONTINENTAL, FLYING, SPUR; designação comercial exata; modelo/família compatível; combustível gasolina compatível; motor compatível; transmissão compatível",alto,True
CONTINENTAL GT W12,exato,2013 | BENTLEY | CONTINENTAL | GT W12 | 6 0 48V | A-8 | GASOLINA,BENTLEY,Continental GT W12 6.0-48V A-8,marca compatível; ano PBEV igual ao ano-modelo FIPE; token forte de modelo compatível: W12; designação comercial exata; modelo/família compatível; combustível gasolina compatível; motor compatível; transmissão compatível,alto,True
CONTINENTAL GTC W12,exato,2013 | BENTLEY | CONTINENTAL | GTC W12 | 6 0 48V | A-8 | GASOLINA,BENTLEY,Continental GTC W12 6.0-48V A-8,marca compatível; ano PBEV igual ao ano-modelo FIPE; token forte de modelo compatível: W12; designação comercial exata; modelo/família compatível; combustível gasolina compatível; motor compatível; transmissão compatível,alto,True
300C V6 VVT AT-8,exato,2013 | CHRYSLER | 300C | V6 VVT AT 8 | 3 6 24V | A-8 | GASOLINA,CHRYSLER,300C V6 VVT AT-8 3.6-24V A-8,marca compatível; ano PBEV igual ao ano-modelo FIPE; token forte de modelo compatível: 300C; designação comercial exata; modelo/família compatível; combustível gasolina compatível; motor compatível; transmissão compatível,alto,True
DS5 THP SO CHIC,exato,2013 | CITROEN | DS5 | THP SO CHIC | 1 6 16V | A-6 | GASOLINA,CITROEN,DS5 THP So Chic 1.6-16V A-6,marca compatível; ano PBEV igual ao ano-modelo FIPE; token forte de modelo compatível: DS5; designação comercial exata; modelo/família compatível; combustível gasolina compatível; motor compatível; transmissão compatível,alto,True
C4 PICASSO BVA,exato,2013 | CITROEN | C4 PICASSO | BVA | 2 0 16V | A-4 | GASOLINA,CITROEN,C4 Picasso BVA 2.0-16V A-4,marca compatível; ano PBEV igual ao ano-modelo FIPE; token forte de modelo compatível: C4; designação comercial exata; modelo/família compatível; combustível gasolina compatível; motor compatível; transmissão compatível,alto,True
FUSION HYBRID,exato,2013 | FORD | FUSION | HYBRID | 2 0 16V | CVT | GASOLINA,FORD,Fusion Hybrid 2.0-16V CVT,marca compatível; ano PBEV igual ao ano-modelo FIPE; família comercial textual compatível: FUSION; designação comercial exata; modelo/família compatível; híbrido convencional compatível; motor compatível; transmissão compatível,alto,True
FOCUS HATCH GL,exato,2013 | FORD | FOCUS HATCH | GL | 1 6 16V | M-5 | FLEX,FORD,Focus Hatch GL 1.6-16V M-5,marca compatível; ano PBEV igual ao ano-modelo FIPE; família comercial textual compatível: FOCUS; carroceria compatível; designação comercial exata; modelo/família compatível; combustível flex compatível; versão/acabamento compatível; motor compatível; transmissão compatível,alto,True
FOCUS HATCH GLX,exato,2013 | FORD | FOCUS HATCH | GLX | 1 6 16V | M-5 | FLEX,FORD,Focus Hatch GLX 1.6-16V M-5,"marca compatível; ano PBEV igual ao ano-modelo FIPE; família comercial textual compatível: FOCUS, GLX; carroceria compatível; designação comercial exata; modelo/família compatível; combustível flex compatível; motor compatível; transmissão compatível",alto,True
FOCUS SEDAN GL,exato,2013 | FORD | FOCUS SEDAN | GL | 1 6 16V | M-5 | FLEX,FORD,Focus Sedan GL 1.6-16V M-5,marca compatível; ano PBEV igual ao ano-modelo FIPE; família comercial textual compatível: FOCUS; carroceria compatível; designação comercial exata; modelo/família compatível; combustível flex compatível; versão/acabamento compatível; motor compatível; transmissão compatível,alto,True
FOCUS SEDAN GLX,exato,2013 | FORD | FOCUS SEDAN | GLX | 1 6 16V | M-5 | FLEX,FORD,Focus Sedan GLX 1.6-16V M-5,"marca compatível; ano PBEV igual ao ano-modelo FIPE; família comercial textual compatível: FOCUS, GLX; carroceria compatível; designação comercial exata; modelo/família compatível; combustível flex compatível; motor compatível; transmissão compatível",alto,True
FOCUS HATCH GLX,exato,2013 | FORD | FOCUS HATCH | GLX | 2 0 16V | M-5 | FLEX,FORD,Focus Hatch GLX 2.0-16V M-5,"marca compatível; ano PBEV igual ao ano-modelo FIPE; família comercial textual compatível: FOCUS, GLX; carroceria compatível; designação comercial exata; modelo/família compatível; combustível flex compatível; motor compatível; transmissão compatível",alto,True
FOCUS HATCH TITANIUM,exato,2013 | FORD | FOCUS HATCH | TITANIUM | 2 0 16V | M-5 | FLEX,FORD,Focus Hatch Titanium 2.0-16V M-5,marca compatível; ano PBEV igual ao ano-modelo FIPE; família comercial textual compatível: FOCUS; carroceria compatível; designação comercial exata; modelo/família compatível; combustível flex compatível; versão/acabamento compatível; motor compatível; transmissão compatível,alto,True
FOCUS SEDAN GLX,exato,2013 | FORD | FOCUS SEDAN | GLX | 2 0 16V | M-5 | FLEX,FORD,Focus Sedan GLX 2.0-16V M-5,"marca compatível; ano PBEV igual ao ano-modelo FIPE; família comercial textual compatível: FOCUS, GLX; carroceria compatível; designação comercial exata; modelo/família compatível; combustível flex compatível; motor compatível; transmissão compatível",alto,True
FOCUS HATCH GLX,exato,2013 | FORD | FOCUS HATCH | GLX | 2 0 16V | A-4 | FLEX,FORD,Focus Hatch GLX 2.0-16V A-4,"marca compatível; ano PBEV igual ao ano-modelo FIPE; família comercial textual compatível: FOCUS, GLX; carroceria compatível; designação comercial exata; modelo/família compatível; combustível flex compatível; motor compatível; transmissão compatível",alto,True
FOCUS HATCH TITANIUM,exato,2013 | FORD | FOCUS HATCH | TITANIUM | 2 0 16V | A-4 | FLEX,FORD,Focus Hatch Titanium 2.0-16V A-4,marca compatível; ano PBEV igual ao ano-modelo FIPE; família comercial textual compatível: FOCUS; carroceria compatível; designação comercial exata; modelo/família compatível; combustível flex compatível; versão/acabamento compatível; motor compatível; transmissão compatível,alto,True
FOCUS SEDAN GLX,exato,2013 | FORD | FOCUS SEDAN | GLX | 2 0 16V | A-4 | FLEX,FORD,Focus Sedan GLX 2.0-16V A-4,"marca compatível; ano PBEV igual ao ano-modelo FIPE; família comercial textual compatível: FOCUS, GLX; carroceria compatível; designação comercial exata; modelo/família compatível; combustível flex compatível; motor compatível; transmissão compatível",alto,True
FOCUS SEDAN TITANIUM,exato,2013 | FORD | FOCUS SEDAN | TITANIUM | 2 0 16V | A-4 | FLEX,FORD,Focus Sedan Titanium 2.0-16V A-4,marca compatível; ano PBEV igual ao ano-modelo FIPE; família comercial textual compatível: FOCUS; carroceria compatível; designação comercial exata; modelo/família compatível; combustível flex compatível; versão/acabamento compatível; motor compatível; transmissão compatível,alto,True
NEW FOCUS HATCH S,exato,2013 | FORD | NEW FOCUS HATCH | S | 1 6 16V | M-5 | FLEX,FORD,New Focus Hatch S 1.6-16V M-5,marca compatível; ano PBEV igual ao ano-modelo FIPE; família comercial textual compatível: FOCUS; carroceria compatível; designação comercial exata; modelo/família compatível; combustível flex compatível; versão/acabamento compatível; motor compatível; transmissão compatível,alto,True
NEW FOCUS HATCH SE,exato,2013 | FORD | NEW FOCUS HATCH | SE | 1 6 16V | M-5 | FLEX,FORD,New Focus Hatch SE 1.6-16V M-5,marca compatível; ano PBEV igual ao ano-modelo FIPE; família comercial textual compatível: FOCUS; carroceria compatível; designação comercial exata; modelo/família compatível; combustível flex compatível; versão/acabamento compatível; motor compatível; transmissão compatível,alto,True
NEW FOCUS HATCH S,exato,2013 | FORD | NEW FOCUS HATCH | S | 1 6 16V | DCT-6 | FLEX,FORD,New Focus Hatch S 1.6-16V DCT-6,marca compatível; ano PBEV igual ao ano-modelo FIPE; família comercial textual compatível: FOCUS; carroceria compatível; designação comercial exata; modelo/família compatível; combustível flex compatível; versão/acabamento compatível; motor compatível; transmissão compatível,alto,True
NEW FOCUS HATCH SE,exato,2013 | FORD | NEW FOCUS HATCH | SE | 1 6 16V | DCT-6 | FLEX,FORD,New Focus Hatch SE 1.6-16V DCT-6,marca compatível; ano PBEV igual ao ano-modelo FIPE; família comercial textual compatível: FOCUS; carroceria compatível; designação comercial exata; modelo/família compatível; combustível flex compatível; versão/acabamento compatível; motor compatível; transmissão compatível,alto,True
NEW FOCUS HATCH S,exato,2013 | FORD | NEW FOCUS HATCH | S | 2 0 16V | DCT-6 | FLEX,FORD,New Focus Hatch S 2.0-16V DCT-6,marca compatível; ano PBEV igual ao ano-modelo FIPE; família comercial textual compatível: FOCUS; carroceria compatível; designação comercial exata; modelo/família compatível; combustível flex compatível; versão/acabamento compatível; motor compatível; transmissão compatível,alto,True
NEW FOCUS HATCH SE,exato,2013 | FORD | NEW FOCUS HATCH | SE | 2 0 16V | DCT-6 | FLEX,FORD,New Focus Hatch SE 2.0-16V DCT-6,marca compatível; ano PBEV igual ao ano-modelo FIPE; família comercial textual compatível: FOCUS; carroceria compatível; designação comercial exata; modelo/família compatível; combustível flex compatível; versão/acabamento compatível; motor compatível; transmissão compatível,alto,True
FOCUS HATCH TITANIUM,exato,2013 | FORD | NEW FOCUS HATCH | TITANIUM | 2 0 16V | DCT-6 | FLEX,FORD,New Focus Hatch Titanium 2.0-16V DCT-6,marca compatível; ano PBEV igual ao ano-modelo FIPE; família comercial textual compatível: FOCUS; carroceria compatível; designação comercial exata; modelo/família compatível; combustível flex compatível; versão/acabamento compatível; motor compatível; transmissão compatível,alto,True
NEW FOCUS SEDAN S,exato,2013 | FORD | NEW FOCUS SEDAN | S | 2 0 16V | DCT-6 | FLEX,FORD,New Focus Sedan S 2.0-16V DCT-6,marca compatível; ano PBEV igual ao ano-modelo FIPE; família comercial textual compatível: FOCUS; carroceria compatível; designação comercial exata; modelo/família compatível; combustível flex compatível; versão/acabamento compatível; motor compatível; transmissão compatível,alto,True
NEW FOCUS SEDAN SE,exato,2013 | FORD | NEW FOCUS SEDAN | SE | 2 0 16V | DCT-6 | FLEX,FORD,New Focus Sedan SE 2.0-16V DCT-6,marca compatível; ano PBEV igual ao ano-modelo FIPE; família comercial textual compatível: FOCUS; carroceria compatível; designação comercial exata; modelo/família compatível; combustível flex compatível; versão/acabamento compatível; motor compatível; transmissão compatível,alto,True
FOCUS SEDAN TITANIUM,exato,2013 | FORD | NEW FOCUS SEDAN | TITANIUM | 2 0 16V | DCT-6 | FLEX,FORD,New Focus Sedan Titanium 2.0-16V DCT-6,marca compatível; ano PBEV igual ao ano-modelo FIPE; família comercial textual compatível: FOCUS; carroceria compatível; designação comercial exata; modelo/família compatível; combustível flex compatível; versão/acabamento compatível; motor compatível; transmissão compatível,alto,True
7 MT,exato,2013 | HAIMA | 7 | MT | 2 0 16V | M-5 | GASOLINA,HAIMA,7 MT 2.0-16V M-5,marca compatível; ano PBEV igual ao ano-modelo FIPE; modelo/família compatível; combustível gasolina compatível; motor compatível; transmissão compatível,alto,True
CIVIC LXS,exato,2013 | HONDA | CIVIC | LXS | 1 8 16V | M-6 | FLEX,HONDA,Civic LXS 1.8-16V M-6,"marca compatível; ano PBEV igual ao ano-modelo FIPE; família comercial textual compatível: CIVIC, LXS; designação comercial exata; modelo/família compatível; combustível flex compatível; motor compatível; transmissão compatível",alto,True
CIVIC LXS,exato,2013 | HONDA | CIVIC | LXS | 1 8 16V | A-5 | FLEX,HONDA,Civic LXS 1.8-16V A-5,"marca compatível; ano PBEV igual ao ano-modelo FIPE; família comercial textual compatível: CIVIC, LXS; designação comercial exata; modelo/família compatível; combustível flex compatível; motor compatível; transmissão compatível",alto,True
CIVIC LXR,exato,2013 | HONDA | CIVIC | LXR | 2 0 16V | A-5 | FLEX,HONDA,Civic LXR 2.0-16V A-5,"marca compatível; ano PBEV igual ao ano-modelo FIPE; família comercial textual compatível: CIVIC, LXR; designação comercial exata; modelo/família compatível; combustível flex compatível; motor compatível; transmissão compatível",alto,True
CIVIC EXR,exato,2013 | HONDA | CIVIC | EXR | 2 0 16V | A-5 | FLEX,HONDA,Civic EXR 2.0-16V A-5,"marca compatível; ano PBEV igual ao ano-modelo FIPE; família comercial textual compatível: CIVIC, EXR; designação comercial exata; modelo/família compatível; combustível flex compatível; motor compatível; transmissão compatível",alto,True
"AZERA 3,0 V6",exato,2013 | HYUNDAI | AZERA | 3 0 V6 | 3 0 24V | A-6 | GASOLINA,HYUNDAI,"Azera 3,0 V6 3.0-24V A-6",marca compatível; ano PBEV igual ao ano-modelo FIPE; família comercial textual compatível: AZERA; designação comercial exata; modelo/família compatível; combustível gasolina compatível; motor compatível; transmissão compatível,alto,True
"SONATA 2,4",exato,2013 | HYUNDAI | SONATA | 2 4 | 2 4 16V | A-6 | GASOLINA,HYUNDAI,"Sonata 2,4 2.4-16V A-6",marca compatível; ano PBEV igual ao ano-modelo FIPE; família comercial textual compatível: SONATA; designação comercial exata; modelo/família compatível; combustível gasolina compatível; motor compatível; transmissão compatível,alto,True
J5 -,exato,2013 | JAC | J5 |  | 1 5 16V | M-5 | GASOLINA,JAC,J5 - 1.5-16V M-5,marca compatível; ano PBEV igual ao ano-modelo FIPE; token forte de modelo compatível: J5; designação comercial exata; modelo/família compatível; combustível gasolina compatível; motor compatível; transmissão compatível,alto,True
XF LUXURY,exato,2013 | JAGUAR | XF | LUXURY | 2 0 16V | A-8 | GASOLINA,JAGUAR,XF Luxury 2.0-16V A-8,marca compatível; ano PBEV igual ao ano-modelo FIPE; família comercial textual compatível: LUXURY; designação comercial exata; modelo/família compatível; combustível gasolina compatível; motor compatível; transmissão compatível,alto,True
XF PLUXURY,exato,2013 | JAGUAR | XF | PLUXURY | 2 0 16V | A-8 | GASOLINA,JAGUAR,XF PLuxury 2.0-16V A-8,marca compatível; ano PBEV igual ao ano-modelo FIPE; família comercial textual compatível: PLUXURY; designação comercial exata; modelo/família compatível; combustível gasolina compatível; motor compatível; transmissão compatível,alto,True
CERATO EX3,exato,2013 | KIA | CERATO | EX3 | 1 6 16V | M-6 | GASOLINA,KIA,Cerato EX3 1.6-16V M-6,marca compatível; ano PBEV igual ao ano-modelo FIPE; token forte de modelo compatível: EX3; designação comercial exata; modelo/família compatível; combustível gasolina compatível; motor compatível; transmissão compatível,alto,True
CERATO LX3,exato,2013 | KIA | CERATO | LX3 | 1 6 16V | M-6 | GASOLINA,KIA,Cerato LX3 1.6-16V M-6,marca compatível; ano PBEV igual ao ano-modelo FIPE; token forte de modelo compatível: LX3; designação comercial exata; modelo/família compatível; combustível gasolina compatível; motor compatível; transmissão compatível,alto,True
CERATO SX3,exato,2013 | KIA | CERATO | SX3 | 1 6 16V | M-6 | GASOLINA,KIA,Cerato SX3 1.6-16V M-6,marca compatível; ano PBEV igual ao ano-modelo FIPE; token forte de modelo compatível: SX3; designação comercial exata; modelo/família compatível; combustível gasolina compatível; motor compatível; transmissão compatível,alto,True
CERATO EX3,exato,2013 | KIA | CERATO | EX3 | 1 6 16V | A-6 | GASOLINA,KIA,Cerato EX3 1.6-16V A-6,marca compatível; ano PBEV igual ao ano-modelo FIPE; token forte de modelo compatível: EX3; designação comercial exata; modelo/família compatível; combustível gasolina compatível; motor compatível; transmissão compatível,alto,True
CERATO LX3,exato,2013 | KIA | CERATO | LX3 | 1 6 16V | A-6 | GASOLINA,KIA,Cerato LX3 1.6-16V A-6,marca compatível; ano PBEV igual ao ano-modelo FIPE; token forte de modelo compatível: LX3; designação comercial exata; modelo/família compatível; combustível gasolina compatível; motor compatível; transmissão compatível,alto,True
CERATO SX3,exato,2013 | KIA | CERATO | SX3 | 1 6 16V | A-6 | GASOLINA,KIA,Cerato SX3 1.6-16V A-6,marca compatível; ano PBEV igual ao ano-modelo FIPE; token forte de modelo compatível: SX3; designação comercial exata; modelo/família compatível; combustível gasolina compatível; motor compatível; transmissão compatível,alto,True
CERATO EX3,exato,2013 | KIA | CERATO | EX3 | 1 6 16V | M-6 | FLEX,KIA,Cerato EX3 1.6-16V M-6,marca compatível; ano PBEV igual ao ano-modelo FIPE; token forte de modelo compatível: EX3; designação comercial exata; modelo/família compatível; combustível flex compatível; motor compatível; transmissão compatível,alto,True
CERATO LX3,exato,2013 | KIA | CERATO | LX3 | 1 6 16V | M-6 | FLEX,KIA,Cerato LX3 1.6-16V M-6,marca compatível; ano PBEV igual ao ano-modelo FIPE; token forte de modelo compatível: LX3; designação comercial exata; modelo/família compatível; combustível flex compatível; motor compatível; transmissão compatível,alto,True
CERATO SX3,exato,2013 | KIA | CERATO | SX3 | 1 6 16V | M-6 | FLEX,KIA,Cerato SX3 1.6-16V M-6,marca compatível; ano PBEV igual ao ano-modelo FIPE; token forte de modelo compatível: SX3; designação comercial exata; modelo/família compatível; combustível flex compatível; motor compatível; transmissão compatível,alto,True
CERATO EX3,exato,2013 | KIA | CERATO | EX3 | 1 6 16V | A-6 | FLEX,KIA,Cerato EX3 1.6-16V A-6,marca compatível; ano PBEV igual ao ano-modelo FIPE; token forte de modelo compatível: EX3; designação comercial exata; modelo/família compatível; combustível flex compatível; motor compatível; transmissão compatível,alto,True
CERATO LX3,exato,2013 | KIA | CERATO | LX3 | 1 6 16V | A-6 | FLEX,KIA,Cerato LX3 1.6-16V A-6,marca compatível; ano PBEV igual ao ano-modelo FIPE; token forte de modelo compatível: LX3; designação comercial exata; modelo/família compatível; combustível flex compatível; motor compatível; transmissão compatível,alto,True
CERATO SX3,exato,2013 | KIA | CERATO | SX3 | 1 6 16V | A-6 | FLEX,KIA,Cerato SX3 1.6-16V A-6,marca compatível; ano PBEV igual ao ano-modelo FIPE; token forte de modelo compatível: SX3; designação comercial exata; modelo/família compatível; combustível flex compatível; motor compatível; transmissão compatível,alto,True
OPTIMA EX,exato,2013 | KIA | OPTIMA | EX | 2 4 16V | A-6 | GASOLINA,KIA,Optima EX 2.4-16V A-6,marca compatível; ano PBEV igual ao ano-modelo FIPE; família comercial textual compatível: OPTIMA; designação comercial exata; modelo/família compatível; combustível gasolina compatível; versão/acabamento compatível; motor compatível; transmissão compatível,alto,True
C 180 TURBO SPORT,exato,2013 | MERCEDES BENZ | C 180 | TURBO SPORT | 1 6 16V | A-7 | GASOLINA,MERCEDES BENZ,C 180 Turbo Sport 1.6-16V A-7,"marca compatível; ano PBEV igual ao ano-modelo FIPE; token forte de modelo compatível: 180, C180; designação comercial exata; número/modelo compatível; modelo/família compatível; combustível gasolina compatível; versão/acabamento compatível; motor compatível; transmissão compatível",alto,True
C 180 TURBO COUPÉ SPORT,exato,2013 | MERCEDES BENZ | C 180 | TURBO COUPE SPORT | 1 6 16V | A-7 | GASOLINA,MERCEDES BENZ,C 180 Turbo Coupé Sport 1.6-16V A-7,"marca compatível; ano PBEV igual ao ano-modelo FIPE; token forte de modelo compatível: 180, C180; designação comercial exata; número/modelo compatível; modelo/família compatível; combustível gasolina compatível; versão/acabamento compatível; motor compatível; transmissão compatível",alto,True
C 180 TURBO TOURING SPORT,exato,2013 | MERCEDES BENZ | C 180 | TURBO TOURING SPORT | 1 6 16V | A-7 | GASOLINA,MERCEDES BENZ,C 180 Turbo Touring Sport 1.6-16V A-7,"marca compatível; ano PBEV igual ao ano-modelo FIPE; token forte de modelo compatível: 180, C180; carroceria compatível; designação comercial exata; número/modelo compatível; modelo/família compatível; combustível gasolina compatível; versão/acabamento compatível; motor compatível; transmissão compatível",alto,True
LANCER GT,exato,2013 | MITSUBISHI | LANCER | GT | 2 0 16V | CVT | GASOLINA,MITSUBISHI,Lancer GT 2.0-16V CVT,marca compatível; ano PBEV igual ao ano-modelo FIPE; família comercial textual compatível: LANCER; designação comercial exata; modelo/família compatível; combustível gasolina compatível; motor compatível; transmissão compatível,alto,True
LANCER -,exato,2013 | MITSUBISHI | LANCER |  | 2 0 16V | M-5 | GASOLINA,MITSUBISHI,Lancer - 2.0-16V M-5,marca compatível; ano PBEV igual ao ano-modelo FIPE; família comercial textual compatível: LANCER; designação comercial exata; modelo/família compatível; combustível gasolina compatível; motor compatível; transmissão compatível,alto,True
SENTRA 20,exato,2013 | NISSAN | SENTRA | 20 | 2 0 16V | CVT | FLEX,NISSAN,Sentra 20 2.0-16V CVT,marca compatível; ano PBEV igual ao ano-modelo FIPE; família comercial textual compatível: SENTRA; designação comercial exata; modelo/família compatível; combustível flex compatível; motor compatível; transmissão compatível,alto,True
SENTRA 20S,exato,2013 | NISSAN | SENTRA | 20S | 2 0 16V | CVT | FLEX,NISSAN,Sentra 20S 2.0-16V CVT,marca compatível; ano PBEV igual ao ano-modelo FIPE; token forte de modelo compatível: 20S; designação comercial exata; modelo/família compatível; combustível flex compatível; motor compatível; transmissão compatível,alto,True
SENTRA 20SL,exato,2013 | NISSAN | SENTRA | 20SL | 2 0 16V | CVT | FLEX,NISSAN,Sentra 20SL 2.0-16V CVT,marca compatível; ano PBEV igual ao ano-modelo FIPE; token forte de modelo compatível: 20SL; designação comercial exata; modelo/família compatível; combustível flex compatível; motor compatível; transmissão compatível,alto,True
NOVO SENTRA 20S,exato,2013 | NISSAN | NOVO SENTRA | 20S | 2 0 16V | M-6 | FLEX,NISSAN,Novo Sentra 20S 2.0-16V M-6,marca compatível; ano PBEV igual ao ano-modelo FIPE; token forte de modelo compatível: 20S; designação comercial exata; modelo/família compatível; combustível flex compatível; motor compatível; transmissão compatível,alto,True
NOVO SENTRA 20SV,exato,2013 | NISSAN | NOVO SENTRA | 20SV | 2 0 16V | M-6 | FLEX,NISSAN,Novo Sentra 20SV 2.0-16V M-6,marca compatível; ano PBEV igual ao ano-modelo FIPE; token forte de modelo compatível: 20SV; designação comercial exata; modelo/família compatível; combustível flex compatível; motor compatível; transmissão compatível,alto,True
NOVO SENTRA 20SR,exato,2013 | NISSAN | NOVO SENTRA | 20SR | 2 0 16V | M-6 | FLEX,NISSAN,Novo Sentra 20SR 2.0-16V M-6,marca compatível; ano PBEV igual ao ano-modelo FIPE; token forte de modelo compatível: 20SR; designação comercial exata; modelo/família compatível; combustível flex compatível; motor compatível; transmissão compatível,alto,True
SENTRA 20S,exato,2013 | NISSAN | NOVO SENTRA | 20S CVT | 2 0 16V | CVT | FLEX,NISSAN,Novo Sentra 20S CVT 2.0-16V CVT,marca compatível; ano PBEV igual ao ano-modelo FIPE; token forte de modelo compatível: 20S; designação comercial exata; modelo/família compatível; combustível flex compatível; motor compatível; transmissão compatível,alto,True
NOVO SENTRA 20SV CVT,exato,2013 | NISSAN | NOVO SENTRA | 20SV CVT | 2 0 16V | CVT | FLEX,NISSAN,Novo Sentra 20SV CVT 2.0-16V CVT,marca compatível; ano PBEV igual ao ano-modelo FIPE; token forte de modelo compatível: 20SV; designação comercial exata; modelo/família compatível; combustível flex compatível; motor compatível; transmissão compatível,alto,True
SENTRA 20SL,exato,2013 | NISSAN | NOVO SENTRA | 20SL CVT | 2 0 16V | CVT | FLEX,NISSAN,Novo Sentra 20SL CVT 2.0-16V CVT,marca compatível; ano PBEV igual ao ano-modelo FIPE; token forte de modelo compatível: 20SL; designação comercial exata; modelo/família compatível; combustível flex compatível; motor compatível; transmissão compatível,alto,True
NOVO SENTRA 20SR CVT,exato,2013 | NISSAN | NOVO SENTRA | 20SR CVT | 2 0 16V | CVT | FLEX,NISSAN,Novo Sentra 20SR CVT 2.0-16V CVT,marca compatível; ano PBEV igual ao ano-modelo FIPE; token forte de modelo compatível: 20SR; designação comercial exata; modelo/família compatível; combustível flex compatível; motor compatível; transmissão compatível,alto,True
NOVO SENTRA SPECIAL,exato,2013 | NISSAN | NOVO SENTRA | SPECIAL | 2 0 16V | CVT | FLEX,NISSAN,Novo Sentra Special 2.0-16V CVT,"marca compatível; ano PBEV igual ao ano-modelo FIPE; família comercial textual compatível: SENTRA, SPECIAL; designação comercial exata; modelo/família compatível; combustível flex compatível; motor compatível; transmissão compatível",alto,True
NOVO SENTRA UNIQUE,exato,2013 | NISSAN | NOVO SENTRA | UNIQUE | 2 0 16V | CVT | FLEX,NISSAN,Novo Sentra Unique 2.0-16V CVT,"marca compatível; ano PBEV igual ao ano-modelo FIPE; família comercial textual compatível: SENTRA, UNIQUE; designação comercial exata; modelo/família compatível; combustível flex compatível; motor compatível; transmissão compatível",alto,True
NOVO SENTRA 20 RIO,exato,2013 | NISSAN | NOVO SENTRA | 20 RIO | 2 0 16V | CVT | FLEX,NISSAN,Novo Sentra 20 Rio 2.0-16V CVT,"marca compatível; ano PBEV igual ao ano-modelo FIPE; família comercial textual compatível: RIO, SENTRA; designação comercial exata; modelo/família compatível; combustível flex compatível; motor compatível; transmissão compatível",alto,True
ALTIMA 25SV,exato,2013 | NISSAN | ALTIMA | 25SV | 2 5 16V | CVT | GASOLINA,NISSAN,Altima 25SV 2.5-16V CVT,marca compatível; ano PBEV igual ao ano-modelo FIPE; token forte de modelo compatível: 25SV; designação comercial exata; modelo/família compatível; combustível gasolina compatível; motor compatível; transmissão compatível,alto,True
ALTIMA 25SL,exato,2013 | NISSAN | ALTIMA | 25SL | 2 5 16V | CVT | GASOLINA,NISSAN,Altima 25SL 2.5-16V CVT,marca compatível; ano PBEV igual ao ano-modelo FIPE; token forte de modelo compatível: 25SL; designação comercial exata; modelo/família compatível; combustível gasolina compatível; motor compatível; transmissão compatível,alto,True
ALTIMA 25SE,exato,2013 | NISSAN | ALTIMA | 25SE | 2 5 16V | CVT | GASOLINA,NISSAN,Altima 25SE 2.5-16V CVT,marca compatível; ano PBEV igual ao ano-modelo FIPE; token forte de modelo compatível: 25SE; designação comercial exata; modelo/família compatível; combustível gasolina compatível; motor compatível; transmissão compatível,alto,True
ALTIMA UNIQUE,exato,2013 | NISSAN | ALTIMA | UNIQUE | 2 5 16V | CVT | GASOLINA,NISSAN,Altima Unique 2.5-16V CVT,"marca compatível; ano PBEV igual ao ano-modelo FIPE; família comercial textual compatível: ALTIMA, UNIQUE; designação comercial exata; modelo/família compatível; combustível gasolina compatível; motor compatível; transmissão compatível",alto,True
3008 THP ALLURE,exato,2013 | PEUGEOT | 3008 | THP ALLURE | 1 6 16V | A-6 | GASOLINA,PEUGEOT,3008 THP Allure 1.6-16V A-6,marca compatível; ano PBEV igual ao ano-modelo FIPE; token forte de modelo compatível: 3008; designação comercial exata; número/modelo compatível; modelo/família compatível; combustível gasolina compatível; motor compatível; transmissão compatível,alto,True
3008 THP GRIFFE,exato,2013 | PEUGEOT | 3008 | THP GRIFFE | 1 6 16V | A-6 | GASOLINA,PEUGEOT,3008 THP Griffe 1.6-16V A-6,marca compatível; ano PBEV igual ao ano-modelo FIPE; token forte de modelo compatível: 3008; designação comercial exata; número/modelo compatível; modelo/família compatível; combustível gasolina compatível; motor compatível; transmissão compatível,alto,True
RCZ THP,exato,2013 | PEUGEOT | RCZ | THP | 1 6 16V | A-6 | GASOLINA,PEUGEOT,RCZ THP 1.6-16V A-6,"marca compatível; ano PBEV igual ao ano-modelo FIPE; família comercial textual compatível: RCZ, THP; designação comercial exata; modelo/família compatível; combustível gasolina compatível; motor compatível; transmissão compatível",alto,True
308 CC THP ACTIVE,exato,2013 | PEUGEOT | 308 CC | THP ACTIVE | 1 6 16V | A-6 | GASOLINA,PEUGEOT,308 CC THP Active 1.6-16V A-6,marca compatível; ano PBEV igual ao ano-modelo FIPE; token forte de modelo compatível: 308; designação comercial exata; número/modelo compatível; modelo/família compatível; combustível gasolina compatível; motor compatível; transmissão compatível,alto,True
408 THP GRIFFE,exato,2013 | PEUGEOT | 408 | THP GRIFFE | 1 6 16V | A-6 | GASOLINA,PEUGEOT,408 THP Griffe 1.6-16V A-6,marca compatível; ano PBEV igual ao ano-modelo FIPE; token forte de modelo compatível: 408; designação comercial exata; número/modelo compatível; modelo/família compatível; combustível gasolina compatível; motor compatível; transmissão compatível,alto,True
508 THP ALLURE,exato,2013 | PEUGEOT | 508 | THP ALLURE | 1 6 16V | A-6 | GASOLINA,PEUGEOT,508 THP Allure 1.6-16V A-6,marca compatível; ano PBEV igual ao ano-modelo FIPE; token forte de modelo compatível: 508; designação comercial exata; número/modelo compatível; modelo/família compatível; combustível gasolina compatível; motor compatível; transmissão compatível,alto,True
FLUENCE DYNAMIQUE,exato,2013 | RENAULT | FLUENCE | DYNAMIQUE | 2 0 16V | M-6 | FLEX,RENAULT,Fluence Dynamique 2.0-16V M-6,"marca compatível; ano PBEV igual ao ano-modelo FIPE; família comercial textual compatível: DYNAMIQUE, FLUENCE; designação comercial exata; modelo/família compatível; combustível flex compatível; motor compatível; transmissão compatível",alto,True
GHOST -,exato,2013 | ROLLS ROYCE | GHOST |  | 6 5 48V | A-8 | GASOLINA,ROLLS ROYCE,Ghost - 6.5-48V A-8,marca compatível; ano PBEV igual ao ano-modelo FIPE; família comercial textual compatível: GHOST; designação comercial exata; modelo/família compatível; combustível gasolina compatível; motor compatível; transmissão compatível,alto,True
FORESTER L,exato,2013 | SUBARU | FORESTER | L | 2 0 16V | CVT | GASOLINA,SUBARU,Forester L 2.0-16V CVT,marca compatível; ano PBEV igual ao ano-modelo FIPE; família comercial textual compatível: FORESTER; designação comercial exata; modelo/família compatível; combustível gasolina compatível; motor compatível; transmissão compatível,alto,True
FORESTER S,exato,2013 | SUBARU | FORESTER | S | 2 0 16V | CVT | GASOLINA,SUBARU,Forester S 2.0-16V CVT,marca compatível; ano PBEV igual ao ano-modelo FIPE; família comercial textual compatível: FORESTER; designação comercial exata; modelo/família compatível; combustível gasolina compatível; versão/acabamento compatível; motor compatível; transmissão compatível,alto,True
FORESTER XT,exato,2013 | SUBARU | FORESTER | XT | 2 5 16V | CVT | GASOLINA,SUBARU,Forester XT 2.5-16V CVT,marca compatível; ano PBEV igual ao ano-modelo FIPE; família comercial textual compatível: FORESTER; designação comercial exata; modelo/família compatível; combustível gasolina compatível; motor compatível; transmissão compatível,alto,True
COROLLA GLI,exato,2013 | TOYOTA | COROLLA | GLI | 1 8 16V | M-6 | FLEX,TOYOTA,Corolla Gli 1.8-16V M-6,"marca compatível; ano PBEV igual ao ano-modelo FIPE; família comercial textual compatível: COROLLA, GLI; designação comercial exata; modelo/família compatível; combustível flex compatível; motor compatível; transmissão compatível",alto,True
COROLLA XLI,exato,2013 | TOYOTA | COROLLA | XLI | 1 8 16V | M-6 | FLEX,TOYOTA,Corolla XLi 1.8-16V M-6,"marca compatível; ano PBEV igual ao ano-modelo FIPE; família comercial textual compatível: COROLLA, XLI; designação comercial exata; modelo/família compatível; combustível flex compatível; motor compatível; transmissão compatível",alto,True
COROLLA GLI,exato,2013 | TOYOTA | COROLLA | GLI | 1 8 16V | A-4 | FLEX,TOYOTA,Corolla Gli 1.8-16V A-4,"marca compatível; ano PBEV igual ao ano-modelo FIPE; família comercial textual compatível: COROLLA, GLI; designação comercial exata; modelo/família compatível; combustível flex compatível; motor compatível; transmissão compatível",alto,True
COROLLA XLI,exato,2013 | TOYOTA | COROLLA | XLI | 1 8 16V | A-4 | FLEX,TOYOTA,Corolla XLi 1.8-16V A-4,"marca compatível; ano PBEV igual ao ano-modelo FIPE; família comercial textual compatível: COROLLA, XLI; designação comercial exata; modelo/família compatível; combustível flex compatível; motor compatível; transmissão compatível",alto,True
"S60 3,0T6 COMFORT",exato,2013 | VOLVO | S60 | 3 0T6 COMFORT | 3 0 24V | A-6 | GASOLINA,VOLVO,"S60 3,0T6 Comfort 3.0-24V A-6",marca compatível; ano PBEV igual ao ano-modelo FIPE; token forte de modelo compatível: S60; designação comercial exata; número/modelo compatível; modelo/família compatível; combustível gasolina compatível; versão/acabamento compatível; motor compatível; transmissão compatível,alto,True
"S60 3,0T6 DYNAMIC",exato,2013 | VOLVO | S60 | 3 0T6 DYNAMIC | 3 0 24V | A-6 | GASOLINA,VOLVO,"S60 3,0T6 Dynamic 3.0-24V A-6",marca compatível; ano PBEV igual ao ano-modelo FIPE; token forte de modelo compatível: S60; designação comercial exata; número/modelo compatível; modelo/família compatível; combustível gasolina compatível; versão/acabamento compatível; motor compatível; transmissão compatível,alto,True
"S60 3,0T6 TOP",exato,2013 | VOLVO | S60 | 3 0T6 TOP | 3 0 24V | A-6 | GASOLINA,VOLVO,"S60 3,0T6 Top 3.0-24V A-6",marca compatível; ano PBEV igual ao ano-modelo FIPE; token forte de modelo compatível: S60; designação comercial exata; número/modelo compatível; modelo/família compatível; combustível gasolina compatível; versão/acabamento compatível; motor compatível; transmissão compatível,alto,True
S60 3.0T6 R-DESIGN,exato,2013 | VOLVO | S60 | 3 0T6 R DESIGN | 3 0 24V | A-6 | GASOLINA,VOLVO,S60 3.0T6 R-Design 3.0-24V A-6,marca compatível; ano PBEV igual ao ano-modelo FIPE; token forte de modelo compatível: S60; designação comercial exata; número/modelo compatível; modelo/família compatível; combustível gasolina compatível; versão/acabamento compatível; motor compatível; transmissão compatível,alto,True
"S60 2,0T5 COMFORT",exato,2013 | VOLVO | S60 | 2 0T5 COMFORT | 2 0 16V | A-6 | GASOLINA,VOLVO,"S60 2,0T5 Comfort 2.0-16V A-6",marca compatível; ano PBEV igual ao ano-modelo FIPE; token forte de modelo compatível: S60; designação comercial exata; número/modelo compatível; modelo/família compatível; combustível gasolina compatível; versão/acabamento compatível; motor compatível; transmissão compatível,alto,True
"S60 2,0T5 DYNAMIC",exato,2013 | VOLVO | S60 | 2 0T5 DYNAMIC | 2 0 16V | A-6 | GASOLINA,VOLVO,"S60 2,0T5 Dynamic 2.0-16V A-6",marca compatível; ano PBEV igual ao ano-modelo FIPE; token forte de modelo compatível: S60; designação comercial exata; número/modelo compatível; modelo/família compatível; combustível gasolina compatível; versão/acabamento compatível; motor compatível; transmissão compatível,alto,True
S60 2.0T5 R-DESIGN,exato,2013 | VOLVO | S60 | 2 0T5 R DESIGN | 2 0 16V | A-6 | GASOLINA,VOLVO,S60 2.0T5 R-Design 2.0-16V A-6,marca compatível; ano PBEV igual ao ano-modelo FIPE; token forte de modelo compatível: S60; designação comercial exata; número/modelo compatível; modelo/família compatível; combustível gasolina compatível; versão/acabamento compatível; motor compatível; transmissão compatível,alto,True
"S60 1,6T4 COMFORT",exato,2013 | VOLVO | S60 | 1 6T4 COMFORT | 1 6 16V | A-6 | GASOLINA,VOLVO,"S60 1,6T4 Comfort 1.6-16V A-6",marca compatível; ano PBEV igual ao ano-modelo FIPE; token forte de modelo compatível: S60; designação comercial exata; número/modelo compatível; modelo/família compatível; combustível gasolina compatível; versão/acabamento compatível; motor compatível; transmissão compatível,alto,True
"V60 3,0T6 COMFORT",exato,2013 | VOLVO | V60 | 3 0T6 COMFORT | 3 0 24V | A-6 | GASOLINA,VOLVO,"V60 3,0T6 Comfort 3.0-24V A-6",marca compatível; ano PBEV igual ao ano-modelo FIPE; família comercial textual compatível: 0T6; designação comercial exata; número/modelo compatível; modelo/família compatível; combustível gasolina compatível; versão/acabamento compatível; motor compatível; transmissão compatível,alto,True
"V60 3,0T6 DYNAMIC",exato,2013 | VOLVO | V60 | 3 0T6 DYNAMIC | 3 0 24V | A-6 | GASOLINA,VOLVO,"V60 3,0T6 Dynamic 3.0-24V A-6",marca compatível; ano PBEV igual ao ano-modelo FIPE; família comercial textual compatível: 0T6; designação comercial exata; número/modelo compatível; modelo/família compatível; combustível gasolina compatível; versão/acabamento compatível; motor compatível; transmissão compatível,alto,True
"V60 3,0T6 TOP",exato,2013 | VOLVO | V60 | 3 0T6 TOP | 3 0 24V | A-6 | GASOLINA,VOLVO,"V60 3,0T6 Top 3.0-24V A-6",marca compatível; ano PBEV igual ao ano-modelo FIPE; família comercial textual compatível: 0T6; designação comercial exata; número/modelo compatível; modelo/família compatível; combustível gasolina compatível; versão/acabamento compatível; motor compatível; transmissão compatível,alto,True
V60 3.0T6 R-DESIGN,exato,2013 | VOLVO | V60 | 3 0T6 R DESIGN | 3 0 24V | A-6 | GASOLINA,VOLVO,V60 3.0T6 R-Design 3.0-24V A-6,marca compatível; ano PBEV igual ao ano-modelo FIPE; família comercial textual compatível: 0T6; designação comercial exata; número/modelo compatível; modelo/família compatível; combustível gasolina compatível; versão/acabamento compatível; motor compatível; transmissão compatível,alto,True
"V60 2,0T5 COMFORT",exato,2013 | VOLVO | V60 | 2 0T5 COMFORT | 2 0 16V | A-6 | GASOLINA,VOLVO,"V60 2,0T5 Comfort 2.0-16V A-6",marca compatível; ano PBEV igual ao ano-modelo FIPE; família comercial textual compatível: 0T5; designação comercial exata; número/modelo compatível; modelo/família compatível; combustível gasolina compatível; versão/acabamento compatível; motor compatível; transmissão compatível,alto,True
"V60 2,0T5 DYNAMIC",exato,2013 | VOLVO | V60 | 2 0T5 DYNAMIC | 2 0 16V | A-6 | GASOLINA,VOLVO,"V60 2,0T5 Dynamic 2.0-16V A-6",marca compatível; ano PBEV igual ao ano-modelo FIPE; família comercial textual compatível: 0T5; designação comercial exata; número/modelo compatível; modelo/família compatível; combustível gasolina compatível; versão/acabamento compatível; motor compatível; transmissão compatível,alto,True
"V60 2,0T5 TOP",exato,2013 | VOLVO | V60 | 2 0T5 TOP | 2 0 16V | A-6 | GASOLINA,VOLVO,"V60 2,0T5 Top 2.0-16V A-6",marca compatível; ano PBEV igual ao ano-modelo FIPE; família comercial textual compatível: 0T5; designação comercial exata; número/modelo compatível; modelo/família compatível; combustível gasolina compatível; versão/acabamento compatível; motor compatível; transmissão compatível,alto,True
V60 2.0T5 R-DESIGN,exato,2013 | VOLVO | V60 | 2 0T5 R DESIGN | 2 0 16V | A-6 | GASOLINA,VOLVO,V60 2.0T5 R-Design 2.0-16V A-6,marca compatível; ano PBEV igual ao ano-modelo FIPE; família comercial textual compatível: 0T5; designação comercial exata; número/modelo compatível; modelo/família compatível; combustível gasolina compatível; versão/acabamento compatível; motor compatível; transmissão compatível,alto,True
"V60 2,0T5 RD DY",versoes_equivalentes,2013 | VOLVO | V60 | 2 0T5 RD DY | 2 0 16V | A-6 | GASOLINA,VOLVO,"V60 2,0T5 RD DY 2.0-16V A-6",marca compatível; ano PBEV igual ao ano-modelo FIPE; família comercial textual compatível: 0T5; designação comercial exata; número/modelo compatível; modelo/família compatível; combustível gasolina compatível; motor compatível; transmissão compatível; candidatos próximos têm o mesmo consumo aplicável; ambiguidade não bloqueia,alto,True
"V60 2,0T5 RD DY",versoes_equivalentes,2013 | VOLVO | V60 | 2 0T5 RD CF | 2 0 16V | A-6 | GASOLINA,VOLVO,"V60 2,0T5 RD CF 2.0-16V A-6",marca compatível; ano PBEV igual ao ano-modelo FIPE; família comercial textual compatível: 0T5; designação comercial exata; número/modelo compatível; modelo/família compatível; combustível gasolina compatível; motor compatível; transmissão compatível; candidatos próximos têm o mesmo consumo aplicável; ambiguidade não bloqueia,alto,True
"TIGGO FL 2,0 MT",exato,2013 | CHERY | TIGGO | FL 2 0 MT | 2 0 16V | M-5 | GASOLINA,CHERY,"Tiggo FL 2,0 MT 2.0-16V M-5",marca compatível; ano PBEV igual ao ano-modelo FIPE; família comercial textual compatível: TIGGO; designação comercial exata; modelo/família compatível; combustível gasolina compatível; motor compatível; transmissão compatível,alto,True
AIRCROSS GLX,exato,2013 | CITROEN | AIRCROSS | GLX | 1 6 16V | M-5 | FLEX,CITROEN,AirCross GLX 1.6-16V M-5,"marca compatível; ano PBEV igual ao ano-modelo FIPE; família comercial textual compatível: AIRCROSS, GLX; designação comercial exata; modelo/família compatível; combustível flex compatível; motor compatível; transmissão compatível",alto,True
AIRCROSS EXCLUSIVE,exato,2013 | CITROEN | AIRCROSS | EXCLUSIVE | 1 6 16V | M-5 | FLEX,CITROEN,AirCross Exclusive 1.6-16V M-5,marca compatível; ano PBEV igual ao ano-modelo FIPE; família comercial textual compatível: AIRCROSS; designação comercial exata; modelo/família compatível; combustível flex compatível; versão/acabamento compatível; motor compatível; transmissão compatível,alto,True
AIRCROSS GLX BVA,exato,2013 | CITROEN | AIRCROSS | GLX BVA | 1 6 16V | A-4 | FLEX,CITROEN,AirCross GLX BVA 1.6-16V A-4,"marca compatível; ano PBEV igual ao ano-modelo FIPE; família comercial textual compatível: AIRCROSS, BVA, GLX; designação comercial exata; modelo/família compatível; combustível flex compatível; motor compatível; transmissão compatível",alto,True
AIRCROSS EXCLUSIVE BVA,exato,2013 | CITROEN | AIRCROSS | EXCLUSIVE BVA | 1 6 16V | A-4 | FLEX,CITROEN,AirCross Exclusive BVA 1.6-16V A-4,"marca compatível; ano PBEV igual ao ano-modelo FIPE; família comercial textual compatível: AIRCROSS, BVA; designação comercial exata; modelo/família compatível; combustível flex compatível; versão/acabamento compatível; motor compatível; transmissão compatível",alto,True
NOVO IDEA ADVENTURE,exato,2013 | FIAT | NOVO IDEA | ADVENTURE | 1 8 16V | M-5 | FLEX,FIAT,Novo Idea Adventure 1.8-16V M-5,"marca compatível; ano PBEV igual ao ano-modelo FIPE; família comercial textual compatível: ADVENTURE, IDEA; designação comercial exata; modelo/família compatível; combustível flex compatível; motor compatível; transmissão compatível",alto,True
NOVO IDEA ADVENTURE DUALOGIC,exato,2013 | FIAT | NOVO IDEA | ADVENTURE DUALOGIC | 1 8 16V | MTA-5 | FLEX,FIAT,Novo Idea Adventure Dualogic 1.8-16V MTA-5,"marca compatível; ano PBEV igual ao ano-modelo FIPE; família comercial textual compatível: ADVENTURE, IDEA; designação comercial exata; modelo/família compatível; combustível flex compatível; versão/acabamento compatível; motor compatível; transmissão compatível",alto,True
PALIO ADVENTURE,exato,2013 | FIAT | PALIO | ADVENTURE | 1 8 16V | M-5 | FLEX,FIAT,Palio Adventure 1.8-16V M-5,"marca compatível; ano PBEV igual ao ano-modelo FIPE; família comercial textual compatível: ADVENTURE, PALIO; designação comercial exata; modelo/família compatível; combustível flex compatível; motor compatível; transmissão compatível",alto,True
PALIO ADVENTURE DUALOGIC,exato,2013 | FIAT | PALIO | ADVENTURE DUALOGIC | 1 8 16V | MTA-5 | FLEX,FIAT,Palio Adventure Dualogic 1.8-16V MTA-5,"marca compatível; ano PBEV igual ao ano-modelo FIPE; família comercial textual compatível: ADVENTURE, PALIO; designação comercial exata; modelo/família compatível; combustível flex compatível; versão/acabamento compatível; motor compatível; transmissão compatível",alto,True
STRADA ADVENTURE,exato,2013 | FIAT | STRADA | ADVENTURE | 1 8 16V | M-5 | FLEX,FIAT,Strada Adventure 1.8-16V M-5,"marca compatível; ano PBEV igual ao ano-modelo FIPE; família comercial textual compatível: ADVENTURE, STRADA; designação comercial exata; modelo/família compatível; combustível flex compatível; motor compatível; transmissão compatível",alto,True
STRADA ADVENTURE CABINE DUPLA,exato,2013 | FIAT | STRADA | ADVENTURE CABINE DUPLA | 1 8 16V | M-5 | FLEX,FIAT,Strada Adventure Cabine Dupla 1.8-16V M-5,"marca compatível; ano PBEV igual ao ano-modelo FIPE; família comercial textual compatível: ADVENTURE, DUPLA, STRADA; designação comercial exata; modelo/família compatível; combustível flex compatível; motor compatível; transmissão compatível",alto,True
STRADA ADVENTURE CABINE ESTENDIDA,exato,2013 | FIAT | STRADA | ADVENTURE CABINE ESTENDIDA | 1 8 16V | M-5 | FLEX,FIAT,Strada Adventure Cabine Estendida 1.8-16V M-5,"marca compatível; ano PBEV igual ao ano-modelo FIPE; família comercial textual compatível: ADVENTURE, ESTENDIDA, STRADA; designação comercial exata; modelo/família compatível; combustível flex compatível; motor compatível; transmissão compatível",alto,True
STRADA ADVENTURE C DUPLA DUALOGIC,exato,2013 | FIAT | STRADA | ADVENTURE C DUPLA DUALOGIC | 1 8 16V | MTA-5 | FLEX,FIAT,Strada Adventure C Dupla Dualogic 1.8-16V MTA-5,"marca compatível; ano PBEV igual ao ano-modelo FIPE; família comercial textual compatível: ADVENTURE, DUPLA, STRADA; designação comercial exata; modelo/família compatível; combustível flex compatível; versão/acabamento compatível; motor compatível; transmissão compatível",alto,True
DOBLO ADVENTURE,exato,2013 | FIAT | DOBLO | ADVENTURE | 1 8 16V | M-5 | FLEX,FIAT,Doblo Adventure 1.8-16V M-5,"marca compatível; ano PBEV igual ao ano-modelo FIPE; família comercial textual compatível: ADVENTURE, DOBLO; designação comercial exata; modelo/família compatível; combustível flex compatível; motor compatível; transmissão compatível",alto,True
ECOSPORT S,exato,2013 | FORD | ECOSPORT | S | 1 6 16V | M-5 | FLEX,FORD,Ecosport S 1.6-16V M-5,marca compatível; ano PBEV igual ao ano-modelo FIPE; família comercial textual compatível: ECOSPORT; designação comercial exata; modelo/família compatível; combustível flex compatível; versão/acabamento compatível; motor compatível; transmissão compatível,alto,True
ECOSPORT SE,exato,2013 | FORD | ECOSPORT | SE | 1 6 16V | M-5 | FLEX,FORD,Ecosport SE 1.6-16V M-5,marca compatível; ano PBEV igual ao ano-modelo FIPE; família comercial textual compatível: ECOSPORT; designação comercial exata; modelo/família compatível; combustível flex compatível; versão/acabamento compatível; motor compatível; transmissão compatível,alto,True
ECOSPORT FREESTYLE,exato,2013 | FORD | ECOSPORT | FREESTYLE | 1 6 16V | M-5 | FLEX,FORD,Ecosport Freestyle 1.6-16V M-5,"marca compatível; ano PBEV igual ao ano-modelo FIPE; família comercial textual compatível: ECOSPORT, FREESTYLE; designação comercial exata; modelo/família compatível; combustível flex compatível; motor compatível; transmissão compatível",alto,True
ECOSPORT TITANIUM,exato,2013 | FORD | ECOSPORT | TITANIUM | 1 6 16V | M-5 | FLEX,FORD,Ecosport Titanium 1.6-16V M-5,marca compatível; ano PBEV igual ao ano-modelo FIPE; família comercial textual compatível: ECOSPORT; designação comercial exata; modelo/família compatível; combustível flex compatível; versão/acabamento compatível; motor compatível; transmissão compatível,alto,True
ECOSPORT FREESTYLE,exato,2013 | FORD | ECOSPORT | FREESTYLE | 2 0 16V | M-5 | FLEX,FORD,Ecosport Freestyle 2.0-16V M-5,"marca compatível; ano PBEV igual ao ano-modelo FIPE; família comercial textual compatível: ECOSPORT, FREESTYLE; designação comercial exata; modelo/família compatível; combustível flex compatível; motor compatível; transmissão compatível",alto,True
ECOSPORT TITANIUM,exato,2013 | FORD | ECOSPORT | TITANIUM | 2 0 16V | M-5 | FLEX,FORD,Ecosport Titanium 2.0-16V M-5,marca compatível; ano PBEV igual ao ano-modelo FIPE; família comercial textual compatível: ECOSPORT; designação comercial exata; modelo/família compatível; combustível flex compatível; versão/acabamento compatível; motor compatível; transmissão compatível,alto,True
ECOSPORT SE,exato,2013 | FORD | ECOSPORT | SE | 2 0 16V | DCT-6 | FLEX,FORD,Ecosport SE 2.0-16V DCT-6,marca compatível; ano PBEV igual ao ano-modelo FIPE; família comercial textual compatível: ECOSPORT; designação comercial exata; modelo/família compatível; combustível flex compatível; versão/acabamento compatível; motor compatível; transmissão compatível,alto,True
ECOSPORT TITANIUM,exato,2013 | FORD | ECOSPORT | TITANIUM | 2 0 16V | DCT-6 | FLEX,FORD,Ecosport Titanium 2.0-16V DCT-6,marca compatível; ano PBEV igual ao ano-modelo FIPE; família comercial textual compatível: ECOSPORT; designação comercial exata; modelo/família compatível; combustível flex compatível; versão/acabamento compatível; motor compatível; transmissão compatível,alto,True
